"country_name","series_name","country_code.2000","series_code.2000","2000","country_code.2001","series_code.2001","2001","country_code.2002","series_code.2002","2002","country_code.2003","series_code.2003","2003","country_code.2004","series_code.2004","2004","country_code.2005","series_code.2005","2005","country_code.2006","series_code.2006","2006","country_code.2007","series_code.2007","2007","country_code.2008","series_code.2008","2008","country_code.2009","series_code.2009","2009","country_code.2010","series_code.2010","2010","country_code.2011","series_code.2011","2011","country_code.2012","series_code.2012","2012","country_code.2013","series_code.2013","2013","country_code.2014","series_code.2014","2014","country_code.2015","series_code.2015","2015","country_code.2016","series_code.2016","2016","country_code.2017","series_code.2017","2017","country_code.2018","series_code.2018","2018","country_code.2019","series_code.2019","2019","country_code.2020","series_code.2020","2020","country_code.2021","series_code.2021","2021","country_code.2022","series_code.2022","2022","country_code.2023","series_code.2023","2023"
"India","Life expectancy at birth, total (years)","IND","SP.DYN.LE00.IN",62.749,"IND","SP.DYN.LE00.IN",63.158,"IND","SP.DYN.LE00.IN",63.649,"IND","SP.DYN.LE00.IN",64.086,"IND","SP.DYN.LE00.IN",64.484,"IND","SP.DYN.LE00.IN",64.939,"IND","SP.DYN.LE00.IN",65.373,"IND","SP.DYN.LE00.IN",65.803,"IND","SP.DYN.LE00.IN",66.247,"IND","SP.DYN.LE00.IN",66.7,"IND","SP.DYN.LE00.IN",67.162,"IND","SP.DYN.LE00.IN",67.623,"IND","SP.DYN.LE00.IN",68.076,"IND","SP.DYN.LE00.IN",68.499,"IND","SP.DYN.LE00.IN",68.932,"IND","SP.DYN.LE00.IN",69.326,"IND","SP.DYN.LE00.IN",69.709,"IND","SP.DYN.LE00.IN",70.068,"IND","SP.DYN.LE00.IN",70.415,"IND","SP.DYN.LE00.IN",70.746,"IND","SP.DYN.LE00.IN",70.156,"IND","SP.DYN.LE00.IN",67.282,"IND","SP.DYN.LE00.IN",71.698,"IND","SP.DYN.LE00.IN",72.003
"India","Current health expenditure (% of GDP)","IND","SH.XPD.CHEX.GD.ZS",4.10568476,"IND","SH.XPD.CHEX.GD.ZS",4.33754253,"IND","SH.XPD.CHEX.GD.ZS",4.31453371,"IND","SH.XPD.CHEX.GD.ZS",4.07877731,"IND","SH.XPD.CHEX.GD.ZS",4.02679491,"IND","SH.XPD.CHEX.GD.ZS",3.85508275,"IND","SH.XPD.CHEX.GD.ZS",3.66901541,"IND","SH.XPD.CHEX.GD.ZS",3.58103991,"IND","SH.XPD.CHEX.GD.ZS",3.58856082,"IND","SH.XPD.CHEX.GD.ZS",3.54637694,"IND","SH.XPD.CHEX.GD.ZS",3.33625913,"IND","SH.XPD.CHEX.GD.ZS",3.24634218,"IND","SH.XPD.CHEX.GD.ZS",3.32935286,"IND","SH.XPD.CHEX.GD.ZS",3.74944186,"IND","SH.XPD.CHEX.GD.ZS",3.61956549,"IND","SH.XPD.CHEX.GD.ZS",3.59565973,"IND","SH.XPD.CHEX.GD.ZS",3.50430417,"IND","SH.XPD.CHEX.GD.ZS",2.93597651,"IND","SH.XPD.CHEX.GD.ZS",2.8584938,"IND","SH.XPD.CHEX.GD.ZS",2.95299792,"IND","SH.XPD.CHEX.GD.ZS",3.34146094,"IND","SH.XPD.CHEX.GD.ZS",3.34680939,"IND","SH.XPD.CHEX.GD.ZS",3.3058846,"IND","SH.XPD.CHEX.GD.ZS",NA
"India","Immunization, DPT (% of children ages 12-23 months)","IND","SH.IMM.IDPT",58,"IND","SH.IMM.IDPT",59,"IND","SH.IMM.IDPT",59,"IND","SH.IMM.IDPT",61,"IND","SH.IMM.IDPT",63,"IND","SH.IMM.IDPT",65,"IND","SH.IMM.IDPT",65,"IND","SH.IMM.IDPT",64,"IND","SH.IMM.IDPT",70,"IND","SH.IMM.IDPT",74,"IND","SH.IMM.IDPT",79,"IND","SH.IMM.IDPT",82,"IND","SH.IMM.IDPT",82,"IND","SH.IMM.IDPT",83,"IND","SH.IMM.IDPT",85,"IND","SH.IMM.IDPT",87,"IND","SH.IMM.IDPT",88,"IND","SH.IMM.IDPT",89,"IND","SH.IMM.IDPT",90,"IND","SH.IMM.IDPT",91,"IND","SH.IMM.IDPT",85,"IND","SH.IMM.IDPT",85,"IND","SH.IMM.IDPT",93,"IND","SH.IMM.IDPT",91
"India","Birth rate, crude (per 1,000 people)","IND","SP.DYN.CBRT.IN",27.518,"IND","SP.DYN.CBRT.IN",27.206,"IND","SP.DYN.CBRT.IN",26.538,"IND","SP.DYN.CBRT.IN",25.783,"IND","SP.DYN.CBRT.IN",25.121,"IND","SP.DYN.CBRT.IN",24.304,"IND","SP.DYN.CBRT.IN",23.564,"IND","SP.DYN.CBRT.IN",22.932,"IND","SP.DYN.CBRT.IN",22.506,"IND","SP.DYN.CBRT.IN",22.211,"IND","SP.DYN.CBRT.IN",21.633,"IND","SP.DYN.CBRT.IN",21.156,"IND","SP.DYN.CBRT.IN",20.672,"IND","SP.DYN.CBRT.IN",20.061,"IND","SP.DYN.CBRT.IN",19.089,"IND","SP.DYN.CBRT.IN",18.936,"IND","SP.DYN.CBRT.IN",18.756,"IND","SP.DYN.CBRT.IN",17.995,"IND","SP.DYN.CBRT.IN",17.91,"IND","SP.DYN.CBRT.IN",17.368,"IND","SP.DYN.CBRT.IN",16.744,"IND","SP.DYN.CBRT.IN",16.491,"IND","SP.DYN.CBRT.IN",16.336,"IND","SP.DYN.CBRT.IN",16.146
"India","Population growth (annual %)","IND","SP.POP.GROW",1.879398262,"IND","SP.POP.GROW",1.870608221,"IND","SP.POP.GROW",1.811294241,"IND","SP.POP.GROW",1.734382044,"IND","SP.POP.GROW",1.703570468,"IND","SP.POP.GROW",1.631421469,"IND","SP.POP.GROW",1.564125225,"IND","SP.POP.GROW",1.505991444,"IND","SP.POP.GROW",1.438771817,"IND","SP.POP.GROW",1.44601732,"IND","SP.POP.GROW",1.454603619,"IND","SP.POP.GROW",1.416827615,"IND","SP.POP.GROW",1.374056166,"IND","SP.POP.GROW",1.332704305,"IND","SP.POP.GROW",1.261290271,"IND","SP.POP.GROW",1.192855634,"IND","SP.POP.GROW",1.191629664,"IND","SP.POP.GROW",1.162396143,"IND","SP.POP.GROW",1.097299067,"IND","SP.POP.GROW",1.040013951,"IND","SP.POP.GROW",0.973438647,"IND","SP.POP.GROW",0.82264822,"IND","SP.POP.GROW",0.790200541,"IND","SP.POP.GROW",0.88328954
"India","Death rate, crude (per 1,000 people)","IND","SP.DYN.CDRT.IN",8.628,"IND","SP.DYN.CDRT.IN",8.482,"IND","SP.DYN.CDRT.IN",8.294,"IND","SP.DYN.CDRT.IN",8.125,"IND","SP.DYN.CDRT.IN",7.982,"IND","SP.DYN.CDRT.IN",7.819,"IND","SP.DYN.CDRT.IN",7.67,"IND","SP.DYN.CDRT.IN",7.536,"IND","SP.DYN.CDRT.IN",7.41,"IND","SP.DYN.CDRT.IN",7.29,"IND","SP.DYN.CDRT.IN",7.164,"IND","SP.DYN.CDRT.IN",7.048,"IND","SP.DYN.CDRT.IN",6.945,"IND","SP.DYN.CDRT.IN",6.859,"IND","SP.DYN.CDRT.IN",6.77,"IND","SP.DYN.CDRT.IN",6.729,"IND","SP.DYN.CDRT.IN",6.7,"IND","SP.DYN.CDRT.IN",6.673,"IND","SP.DYN.CDRT.IN",6.67,"IND","SP.DYN.CDRT.IN",6.67,"IND","SP.DYN.CDRT.IN",7.214,"IND","SP.DYN.CDRT.IN",9.259,"IND","SP.DYN.CDRT.IN",6.576,"IND","SP.DYN.CDRT.IN",6.611
"India","Out-of-pocket expenditure (% of current health expenditure)","IND","SH.XPD.OOPC.CH.ZS",71.70202637,"IND","SH.XPD.OOPC.CH.ZS",74.1062088,"IND","SH.XPD.OOPC.CH.ZS",73.3739624,"IND","SH.XPD.OOPC.CH.ZS",73.42475128,"IND","SH.XPD.OOPC.CH.ZS",72.48267365,"IND","SH.XPD.OOPC.CH.ZS",73.14936829,"IND","SH.XPD.OOPC.CH.ZS",72.25708008,"IND","SH.XPD.OOPC.CH.ZS",70.81672668,"IND","SH.XPD.OOPC.CH.ZS",69.14794159,"IND","SH.XPD.OOPC.CH.ZS",66.75775146,"IND","SH.XPD.OOPC.CH.ZS",65.18476868,"IND","SH.XPD.OOPC.CH.ZS",62.22489929,"IND","SH.XPD.OOPC.CH.ZS",63.00013733,"IND","SH.XPD.OOPC.CH.ZS",69.07303619,"IND","SH.XPD.OOPC.CH.ZS",67.01399994,"IND","SH.XPD.OOPC.CH.ZS",64.66441345,"IND","SH.XPD.OOPC.CH.ZS",63.20619965,"IND","SH.XPD.OOPC.CH.ZS",55.11247635,"IND","SH.XPD.OOPC.CH.ZS",53.22994614,"IND","SH.XPD.OOPC.CH.ZS",52.00421143,"IND","SH.XPD.OOPC.CH.ZS",49.51094055,"IND","SH.XPD.OOPC.CH.ZS",45.10914612,"IND","SH.XPD.OOPC.CH.ZS",45.9815712,"IND","SH.XPD.OOPC.CH.ZS",NA
"India","Mortality rate, infant (per 1,000 live births)","IND","SP.DYN.IMRT.IN",66.3,"IND","SP.DYN.IMRT.IN",64.3,"IND","SP.DYN.IMRT.IN",62.4,"IND","SP.DYN.IMRT.IN",60.5,"IND","SP.DYN.IMRT.IN",58.6,"IND","SP.DYN.IMRT.IN",56.7,"IND","SP.DYN.IMRT.IN",54.8,"IND","SP.DYN.IMRT.IN",52.8,"IND","SP.DYN.IMRT.IN",50.8,"IND","SP.DYN.IMRT.IN",48.7,"IND","SP.DYN.IMRT.IN",46.7,"IND","SP.DYN.IMRT.IN",44.6,"IND","SP.DYN.IMRT.IN",42.5,"IND","SP.DYN.IMRT.IN",40.5,"IND","SP.DYN.IMRT.IN",38.5,"IND","SP.DYN.IMRT.IN",36.6,"IND","SP.DYN.IMRT.IN",34.7,"IND","SP.DYN.IMRT.IN",33,"IND","SP.DYN.IMRT.IN",31.3,"IND","SP.DYN.IMRT.IN",29.7,"IND","SP.DYN.IMRT.IN",28.2,"IND","SP.DYN.IMRT.IN",26.8,"IND","SP.DYN.IMRT.IN",25.6,"IND","SP.DYN.IMRT.IN",24.5
"India","Mortality rate, under-5 (per 1,000 live births)","IND","SH.DYN.MORT",91.6,"IND","SH.DYN.MORT",88,"IND","SH.DYN.MORT",84.5,"IND","SH.DYN.MORT",81.1,"IND","SH.DYN.MORT",77.7,"IND","SH.DYN.MORT",74.4,"IND","SH.DYN.MORT",71.1,"IND","SH.DYN.MORT",67.9,"IND","SH.DYN.MORT",64.6,"IND","SH.DYN.MORT",61.4,"IND","SH.DYN.MORT",58.2,"IND","SH.DYN.MORT",55,"IND","SH.DYN.MORT",52,"IND","SH.DYN.MORT",49.1,"IND","SH.DYN.MORT",46.3,"IND","SH.DYN.MORT",43.6,"IND","SH.DYN.MORT",41.1,"IND","SH.DYN.MORT",38.7,"IND","SH.DYN.MORT",36.4,"IND","SH.DYN.MORT",34.3,"IND","SH.DYN.MORT",32.4,"IND","SH.DYN.MORT",30.6,"IND","SH.DYN.MORT",29.1,"IND","SH.DYN.MORT",27.7
"Nepal","Life expectancy at birth, total (years)","NPL","SP.DYN.LE00.IN",62.642,"NPL","SP.DYN.LE00.IN",63.288,"NPL","SP.DYN.LE00.IN",63.507,"NPL","SP.DYN.LE00.IN",64.229,"NPL","SP.DYN.LE00.IN",64.744,"NPL","SP.DYN.LE00.IN",65.275,"NPL","SP.DYN.LE00.IN",65.891,"NPL","SP.DYN.LE00.IN",66.169,"NPL","SP.DYN.LE00.IN",66.442,"NPL","SP.DYN.LE00.IN",66.6,"NPL","SP.DYN.LE00.IN",66.772,"NPL","SP.DYN.LE00.IN",67.123,"NPL","SP.DYN.LE00.IN",67.364,"NPL","SP.DYN.LE00.IN",67.598,"NPL","SP.DYN.LE00.IN",67.812,"NPL","SP.DYN.LE00.IN",67.374,"NPL","SP.DYN.LE00.IN",68.444,"NPL","SP.DYN.LE00.IN",68.74,"NPL","SP.DYN.LE00.IN",69.036,"NPL","SP.DYN.LE00.IN",69.299,"NPL","SP.DYN.LE00.IN",69.106,"NPL","SP.DYN.LE00.IN",68.385,"NPL","SP.DYN.LE00.IN",70.087,"NPL","SP.DYN.LE00.IN",70.354
"Nepal","Current health expenditure (% of GDP)","NPL","SH.XPD.CHEX.GD.ZS",3.13292074,"NPL","SH.XPD.CHEX.GD.ZS",3.81229901,"NPL","SH.XPD.CHEX.GD.ZS",3.93863344,"NPL","SH.XPD.CHEX.GD.ZS",3.8560729,"NPL","SH.XPD.CHEX.GD.ZS",4.04629898,"NPL","SH.XPD.CHEX.GD.ZS",3.95095325,"NPL","SH.XPD.CHEX.GD.ZS",3.54402447,"NPL","SH.XPD.CHEX.GD.ZS",3.67297482,"NPL","SH.XPD.CHEX.GD.ZS",3.81756353,"NPL","SH.XPD.CHEX.GD.ZS",3.90179515,"NPL","SH.XPD.CHEX.GD.ZS",4.36131525,"NPL","SH.XPD.CHEX.GD.ZS",4.45220184,"NPL","SH.XPD.CHEX.GD.ZS",4.49078751,"NPL","SH.XPD.CHEX.GD.ZS",4.63012981,"NPL","SH.XPD.CHEX.GD.ZS",5.07549381,"NPL","SH.XPD.CHEX.GD.ZS",5.46615553,"NPL","SH.XPD.CHEX.GD.ZS",5.42378998,"NPL","SH.XPD.CHEX.GD.ZS",4.72170973,"NPL","SH.XPD.CHEX.GD.ZS",4.52808428,"NPL","SH.XPD.CHEX.GD.ZS",4.44524717,"NPL","SH.XPD.CHEX.GD.ZS",5.2080965,"NPL","SH.XPD.CHEX.GD.ZS",5.32333136,"NPL","SH.XPD.CHEX.GD.ZS",6.65589333,"NPL","SH.XPD.CHEX.GD.ZS",NA
"Nepal","Immunization, DPT (% of children ages 12-23 months)","NPL","SH.IMM.IDPT",74,"NPL","SH.IMM.IDPT",72,"NPL","SH.IMM.IDPT",72,"NPL","SH.IMM.IDPT",78,"NPL","SH.IMM.IDPT",80,"NPL","SH.IMM.IDPT",75,"NPL","SH.IMM.IDPT",89,"NPL","SH.IMM.IDPT",82,"NPL","SH.IMM.IDPT",82,"NPL","SH.IMM.IDPT",95,"NPL","SH.IMM.IDPT",93,"NPL","SH.IMM.IDPT",92,"NPL","SH.IMM.IDPT",90,"NPL","SH.IMM.IDPT",92,"NPL","SH.IMM.IDPT",92,"NPL","SH.IMM.IDPT",91,"NPL","SH.IMM.IDPT",87,"NPL","SH.IMM.IDPT",90,"NPL","SH.IMM.IDPT",91,"NPL","SH.IMM.IDPT",93,"NPL","SH.IMM.IDPT",84,"NPL","SH.IMM.IDPT",91,"NPL","SH.IMM.IDPT",90,"NPL","SH.IMM.IDPT",94
"Nepal","Birth rate, crude (per 1,000 people)","NPL","SP.DYN.CBRT.IN",30.959,"NPL","SP.DYN.CBRT.IN",29.777,"NPL","SP.DYN.CBRT.IN",28.641,"NPL","SP.DYN.CBRT.IN",27.732,"NPL","SP.DYN.CBRT.IN",26.837,"NPL","SP.DYN.CBRT.IN",25.837,"NPL","SP.DYN.CBRT.IN",24.936,"NPL","SP.DYN.CBRT.IN",24.351,"NPL","SP.DYN.CBRT.IN",23.729,"NPL","SP.DYN.CBRT.IN",23.236,"NPL","SP.DYN.CBRT.IN",22.851,"NPL","SP.DYN.CBRT.IN",22.653,"NPL","SP.DYN.CBRT.IN",22.651,"NPL","SP.DYN.CBRT.IN",22.458,"NPL","SP.DYN.CBRT.IN",22.39,"NPL","SP.DYN.CBRT.IN",22.141,"NPL","SP.DYN.CBRT.IN",21.943,"NPL","SP.DYN.CBRT.IN",21.572,"NPL","SP.DYN.CBRT.IN",21.122,"NPL","SP.DYN.CBRT.IN",20.648,"NPL","SP.DYN.CBRT.IN",20.168,"NPL","SP.DYN.CBRT.IN",19.675,"NPL","SP.DYN.CBRT.IN",19.643,"NPL","SP.DYN.CBRT.IN",19.34
"Nepal","Population growth (annual %)","NPL","SP.POP.GROW",1.731274864,"NPL","SP.POP.GROW",1.617382848,"NPL","SP.POP.GROW",1.520576121,"NPL","SP.POP.GROW",1.410423007,"NPL","SP.POP.GROW",1.268348401,"NPL","SP.POP.GROW",1.119154601,"NPL","SP.POP.GROW",0.968206396,"NPL","SP.POP.GROW",0.836183404,"NPL","SP.POP.GROW",0.74954056,"NPL","SP.POP.GROW",0.675732338,"NPL","SP.POP.GROW",0.619710468,"NPL","SP.POP.GROW",0.447181721,"NPL","SP.POP.GROW",0.256079255,"NPL","SP.POP.GROW",0.199840752,"NPL","SP.POP.GROW",0.298119921,"NPL","SP.POP.GROW",0.545118125,"NPL","SP.POP.GROW",0.472697719,"NPL","SP.POP.GROW",0.199389989,"NPL","SP.POP.GROW",0.24400028,"NPL","SP.POP.GROW",1.183773026,"NPL","SP.POP.GROW",1.925831066,"NPL","SP.POP.GROW",1.740024118,"NPL","SP.POP.GROW",0.812385574,"NPL","SP.POP.GROW",-0.070095887
"Nepal","Death rate, crude (per 1,000 people)","NPL","SP.DYN.CDRT.IN",8.369,"NPL","SP.DYN.CDRT.IN",8.046,"NPL","SP.DYN.CDRT.IN",7.912,"NPL","SP.DYN.CDRT.IN",7.623,"NPL","SP.DYN.CDRT.IN",7.432,"NPL","SP.DYN.CDRT.IN",7.247,"NPL","SP.DYN.CDRT.IN",7.043,"NPL","SP.DYN.CDRT.IN",7.001,"NPL","SP.DYN.CDRT.IN",6.969,"NPL","SP.DYN.CDRT.IN",6.996,"NPL","SP.DYN.CDRT.IN",7.028,"NPL","SP.DYN.CDRT.IN",6.998,"NPL","SP.DYN.CDRT.IN",7.029,"NPL","SP.DYN.CDRT.IN",7.061,"NPL","SP.DYN.CDRT.IN",7.098,"NPL","SP.DYN.CDRT.IN",7.385,"NPL","SP.DYN.CDRT.IN",7.065,"NPL","SP.DYN.CDRT.IN",7.07,"NPL","SP.DYN.CDRT.IN",7.07,"NPL","SP.DYN.CDRT.IN",7.024,"NPL","SP.DYN.CDRT.IN",7.272,"NPL","SP.DYN.CDRT.IN",7.761,"NPL","SP.DYN.CDRT.IN",6.888,"NPL","SP.DYN.CDRT.IN",6.932
"Nepal","Out-of-pocket expenditure (% of current health expenditure)","NPL","SH.XPD.OOPC.CH.ZS",55.78205109,"NPL","SH.XPD.OOPC.CH.ZS",51.26501846,"NPL","SH.XPD.OOPC.CH.ZS",51.95619583,"NPL","SH.XPD.OOPC.CH.ZS",53.80937958,"NPL","SH.XPD.OOPC.CH.ZS",51.60284424,"NPL","SH.XPD.OOPC.CH.ZS",49.21795654,"NPL","SH.XPD.OOPC.CH.ZS",42.50187302,"NPL","SH.XPD.OOPC.CH.ZS",60.96153259,"NPL","SH.XPD.OOPC.CH.ZS",61.62509155,"NPL","SH.XPD.OOPC.CH.ZS",57.62322617,"NPL","SH.XPD.OOPC.CH.ZS",56.20389175,"NPL","SH.XPD.OOPC.CH.ZS",58.37966919,"NPL","SH.XPD.OOPC.CH.ZS",56.07543182,"NPL","SH.XPD.OOPC.CH.ZS",63.53343964,"NPL","SH.XPD.OOPC.CH.ZS",60.04753494,"NPL","SH.XPD.OOPC.CH.ZS",59.4352417,"NPL","SH.XPD.OOPC.CH.ZS",55.44006729,"NPL","SH.XPD.OOPC.CH.ZS",57.37584686,"NPL","SH.XPD.OOPC.CH.ZS",57.72974396,"NPL","SH.XPD.OOPC.CH.ZS",57.91313171,"NPL","SH.XPD.OOPC.CH.ZS",54.17097092,"NPL","SH.XPD.OOPC.CH.ZS",51.26197052,"NPL","SH.XPD.OOPC.CH.ZS",55.78992081,"NPL","SH.XPD.OOPC.CH.ZS",NA
"Nepal","Mortality rate, infant (per 1,000 live births)","NPL","SP.DYN.IMRT.IN",61.8,"NPL","SP.DYN.IMRT.IN",58.8,"NPL","SP.DYN.IMRT.IN",55.9,"NPL","SP.DYN.IMRT.IN",53.3,"NPL","SP.DYN.IMRT.IN",50.9,"NPL","SP.DYN.IMRT.IN",48.8,"NPL","SP.DYN.IMRT.IN",46.9,"NPL","SP.DYN.IMRT.IN",45.1,"NPL","SP.DYN.IMRT.IN",43.4,"NPL","SP.DYN.IMRT.IN",41.8,"NPL","SP.DYN.IMRT.IN",40.2,"NPL","SP.DYN.IMRT.IN",38.7,"NPL","SP.DYN.IMRT.IN",37.1,"NPL","SP.DYN.IMRT.IN",35.6,"NPL","SP.DYN.IMRT.IN",34.1,"NPL","SP.DYN.IMRT.IN",32.6,"NPL","SP.DYN.IMRT.IN",31.2,"NPL","SP.DYN.IMRT.IN",29.9,"NPL","SP.DYN.IMRT.IN",28.5,"NPL","SP.DYN.IMRT.IN",27.3,"NPL","SP.DYN.IMRT.IN",26.1,"NPL","SP.DYN.IMRT.IN",25.1,"NPL","SP.DYN.IMRT.IN",24.2,"NPL","SP.DYN.IMRT.IN",23.3
"Nepal","Mortality rate, under-5 (per 1,000 live births)","NPL","SH.DYN.MORT",79.2,"NPL","SH.DYN.MORT",74.8,"NPL","SH.DYN.MORT",70.6,"NPL","SH.DYN.MORT",66.9,"NPL","SH.DYN.MORT",63.5,"NPL","SH.DYN.MORT",60.4,"NPL","SH.DYN.MORT",57.6,"NPL","SH.DYN.MORT",55.1,"NPL","SH.DYN.MORT",52.7,"NPL","SH.DYN.MORT",50.5,"NPL","SH.DYN.MORT",48.3,"NPL","SH.DYN.MORT",46.2,"NPL","SH.DYN.MORT",44.1,"NPL","SH.DYN.MORT",42.1,"NPL","SH.DYN.MORT",40.1,"NPL","SH.DYN.MORT",38.2,"NPL","SH.DYN.MORT",36.4,"NPL","SH.DYN.MORT",34.6,"NPL","SH.DYN.MORT",33,"NPL","SH.DYN.MORT",31.4,"NPL","SH.DYN.MORT",29.9,"NPL","SH.DYN.MORT",28.6,"NPL","SH.DYN.MORT",27.5,"NPL","SH.DYN.MORT",26.5
"Bangladesh","Life expectancy at birth, total (years)","BGD","SP.DYN.LE00.IN",62.049,"BGD","SP.DYN.LE00.IN",62.836,"BGD","SP.DYN.LE00.IN",63.591,"BGD","SP.DYN.LE00.IN",64.288,"BGD","SP.DYN.LE00.IN",64.912,"BGD","SP.DYN.LE00.IN",65.509,"BGD","SP.DYN.LE00.IN",66.048,"BGD","SP.DYN.LE00.IN",66.458,"BGD","SP.DYN.LE00.IN",67.047,"BGD","SP.DYN.LE00.IN",67.527,"BGD","SP.DYN.LE00.IN",68.009,"BGD","SP.DYN.LE00.IN",68.499,"BGD","SP.DYN.LE00.IN",68.989,"BGD","SP.DYN.LE00.IN",69.487,"BGD","SP.DYN.LE00.IN",70.016,"BGD","SP.DYN.LE00.IN",70.543,"BGD","SP.DYN.LE00.IN",71.075,"BGD","SP.DYN.LE00.IN",71.606,"BGD","SP.DYN.LE00.IN",72.122,"BGD","SP.DYN.LE00.IN",72.625,"BGD","SP.DYN.LE00.IN",71.421,"BGD","SP.DYN.LE00.IN",71.103,"BGD","SP.DYN.LE00.IN",74.265,"BGD","SP.DYN.LE00.IN",74.672
"Bangladesh","Current health expenditure (% of GDP)","BGD","SH.XPD.CHEX.GD.ZS",1.80504513,"BGD","SH.XPD.CHEX.GD.ZS",1.77201855,"BGD","SH.XPD.CHEX.GD.ZS",1.93417108,"BGD","SH.XPD.CHEX.GD.ZS",1.96152198,"BGD","SH.XPD.CHEX.GD.ZS",1.99854314,"BGD","SH.XPD.CHEX.GD.ZS",2.05873919,"BGD","SH.XPD.CHEX.GD.ZS",2.10646582,"BGD","SH.XPD.CHEX.GD.ZS",2.17268491,"BGD","SH.XPD.CHEX.GD.ZS",2.11878848,"BGD","SH.XPD.CHEX.GD.ZS",2.18321705,"BGD","SH.XPD.CHEX.GD.ZS",2.28807664,"BGD","SH.XPD.CHEX.GD.ZS",2.36418128,"BGD","SH.XPD.CHEX.GD.ZS",2.3537879,"BGD","SH.XPD.CHEX.GD.ZS",2.29574466,"BGD","SH.XPD.CHEX.GD.ZS",2.27915168,"BGD","SH.XPD.CHEX.GD.ZS",2.27217698,"BGD","SH.XPD.CHEX.GD.ZS",2.38938212,"BGD","SH.XPD.CHEX.GD.ZS",2.36720181,"BGD","SH.XPD.CHEX.GD.ZS",2.31622243,"BGD","SH.XPD.CHEX.GD.ZS",2.25762248,"BGD","SH.XPD.CHEX.GD.ZS",2.27063942,"BGD","SH.XPD.CHEX.GD.ZS",2.36551309,"BGD","SH.XPD.CHEX.GD.ZS",2.39038587,"BGD","SH.XPD.CHEX.GD.ZS",NA
"Bangladesh","Immunization, DPT (% of children ages 12-23 months)","BGD","SH.IMM.IDPT",82,"BGD","SH.IMM.IDPT",85,"BGD","SH.IMM.IDPT",83,"BGD","SH.IMM.IDPT",87,"BGD","SH.IMM.IDPT",99,"BGD","SH.IMM.IDPT",93,"BGD","SH.IMM.IDPT",94,"BGD","SH.IMM.IDPT",94,"BGD","SH.IMM.IDPT",96,"BGD","SH.IMM.IDPT",97,"BGD","SH.IMM.IDPT",94,"BGD","SH.IMM.IDPT",96,"BGD","SH.IMM.IDPT",94,"BGD","SH.IMM.IDPT",96,"BGD","SH.IMM.IDPT",97,"BGD","SH.IMM.IDPT",98,"BGD","SH.IMM.IDPT",98,"BGD","SH.IMM.IDPT",98,"BGD","SH.IMM.IDPT",98,"BGD","SH.IMM.IDPT",98,"BGD","SH.IMM.IDPT",97,"BGD","SH.IMM.IDPT",97,"BGD","SH.IMM.IDPT",97,"BGD","SH.IMM.IDPT",97
"Bangladesh","Birth rate, crude (per 1,000 people)","BGD","SP.DYN.CBRT.IN",29.589,"BGD","SP.DYN.CBRT.IN",29.174,"BGD","SP.DYN.CBRT.IN",28.526,"BGD","SP.DYN.CBRT.IN",27.745,"BGD","SP.DYN.CBRT.IN",26.994,"BGD","SP.DYN.CBRT.IN",26.055,"BGD","SP.DYN.CBRT.IN",25.252,"BGD","SP.DYN.CBRT.IN",24.526,"BGD","SP.DYN.CBRT.IN",23.685,"BGD","SP.DYN.CBRT.IN",22.829,"BGD","SP.DYN.CBRT.IN",21.874,"BGD","SP.DYN.CBRT.IN",21.114,"BGD","SP.DYN.CBRT.IN",20.709,"BGD","SP.DYN.CBRT.IN",20.55,"BGD","SP.DYN.CBRT.IN",20.298,"BGD","SP.DYN.CBRT.IN",20.254,"BGD","SP.DYN.CBRT.IN",20.226,"BGD","SP.DYN.CBRT.IN",19.991,"BGD","SP.DYN.CBRT.IN",20.069,"BGD","SP.DYN.CBRT.IN",20.131,"BGD","SP.DYN.CBRT.IN",20.289,"BGD","SP.DYN.CBRT.IN",20.414,"BGD","SP.DYN.CBRT.IN",20.583,"BGD","SP.DYN.CBRT.IN",20.353
"Bangladesh","Population growth (annual %)","BGD","SP.POP.GROW",1.827328067,"BGD","SP.POP.GROW",1.666893247,"BGD","SP.POP.GROW",1.543406357,"BGD","SP.POP.GROW",1.455305305,"BGD","SP.POP.GROW",1.361547907,"BGD","SP.POP.GROW",1.260665163,"BGD","SP.POP.GROW",1.161167751,"BGD","SP.POP.GROW",1.075642532,"BGD","SP.POP.GROW",0.998440566,"BGD","SP.POP.GROW",0.931892491,"BGD","SP.POP.GROW",0.876530534,"BGD","SP.POP.GROW",0.908525896,"BGD","SP.POP.GROW",0.958355913,"BGD","SP.POP.GROW",0.93840835,"BGD","SP.POP.GROW",0.911167734,"BGD","SP.POP.GROW",0.893819378,"BGD","SP.POP.GROW",0.892432416,"BGD","SP.POP.GROW",0.850917316,"BGD","SP.POP.GROW",0.820955198,"BGD","SP.POP.GROW",0.846411252,"BGD","SP.POP.GROW",0.836310836,"BGD","SP.POP.GROW",0.814977994,"BGD","SP.POP.GROW",1.024233847,"BGD","SP.POP.GROW",1.221714755
"Bangladesh","Death rate, crude (per 1,000 people)","BGD","SP.DYN.CDRT.IN",8.276,"BGD","SP.DYN.CDRT.IN",7.934,"BGD","SP.DYN.CDRT.IN",7.598,"BGD","SP.DYN.CDRT.IN",7.302,"BGD","SP.DYN.CDRT.IN",7.053,"BGD","SP.DYN.CDRT.IN",6.824,"BGD","SP.DYN.CDRT.IN",6.634,"BGD","SP.DYN.CDRT.IN",6.51,"BGD","SP.DYN.CDRT.IN",6.319,"BGD","SP.DYN.CDRT.IN",6.181,"BGD","SP.DYN.CDRT.IN",6.049,"BGD","SP.DYN.CDRT.IN",5.93,"BGD","SP.DYN.CDRT.IN",5.847,"BGD","SP.DYN.CDRT.IN",5.778,"BGD","SP.DYN.CDRT.IN",5.703,"BGD","SP.DYN.CDRT.IN",5.638,"BGD","SP.DYN.CDRT.IN",5.575,"BGD","SP.DYN.CDRT.IN",5.512,"BGD","SP.DYN.CDRT.IN",5.442,"BGD","SP.DYN.CDRT.IN",5.372,"BGD","SP.DYN.CDRT.IN",6.126,"BGD","SP.DYN.CDRT.IN",6.317,"BGD","SP.DYN.CDRT.IN",5.037,"BGD","SP.DYN.CDRT.IN",5.01
"Bangladesh","Out-of-pocket expenditure (% of current health expenditure)","BGD","SH.XPD.OOPC.CH.ZS",61.82206726,"BGD","SH.XPD.OOPC.CH.ZS",65.80530548,"BGD","SH.XPD.OOPC.CH.ZS",62.93533707,"BGD","SH.XPD.OOPC.CH.ZS",63.01078033,"BGD","SH.XPD.OOPC.CH.ZS",63.09557724,"BGD","SH.XPD.OOPC.CH.ZS",65.38332367,"BGD","SH.XPD.OOPC.CH.ZS",65.63786316,"BGD","SH.XPD.OOPC.CH.ZS",66.41323853,"BGD","SH.XPD.OOPC.CH.ZS",67.83094788,"BGD","SH.XPD.OOPC.CH.ZS",67.94347382,"BGD","SH.XPD.OOPC.CH.ZS",67.95515442,"BGD","SH.XPD.OOPC.CH.ZS",68.17604828,"BGD","SH.XPD.OOPC.CH.ZS",68.27939606,"BGD","SH.XPD.OOPC.CH.ZS",69.62185669,"BGD","SH.XPD.OOPC.CH.ZS",70.75862885,"BGD","SH.XPD.OOPC.CH.ZS",72.67826843,"BGD","SH.XPD.OOPC.CH.ZS",71.49494171,"BGD","SH.XPD.OOPC.CH.ZS",70.08963776,"BGD","SH.XPD.OOPC.CH.ZS",70.67902374,"BGD","SH.XPD.OOPC.CH.ZS",72.05020905,"BGD","SH.XPD.OOPC.CH.ZS",74.00198364,"BGD","SH.XPD.OOPC.CH.ZS",72.96946716,"BGD","SH.XPD.OOPC.CH.ZS",72.52640533,"BGD","SH.XPD.OOPC.CH.ZS",NA
"Bangladesh","Mortality rate, infant (per 1,000 live births)","BGD","SP.DYN.IMRT.IN",59.8,"BGD","SP.DYN.IMRT.IN",56.6,"BGD","SP.DYN.IMRT.IN",53.6,"BGD","SP.DYN.IMRT.IN",50.9,"BGD","SP.DYN.IMRT.IN",48.4,"BGD","SP.DYN.IMRT.IN",46,"BGD","SP.DYN.IMRT.IN",43.9,"BGD","SP.DYN.IMRT.IN",41.9,"BGD","SP.DYN.IMRT.IN",40.1,"BGD","SP.DYN.IMRT.IN",38.4,"BGD","SP.DYN.IMRT.IN",36.9,"BGD","SP.DYN.IMRT.IN",35.4,"BGD","SP.DYN.IMRT.IN",34.1,"BGD","SP.DYN.IMRT.IN",32.7,"BGD","SP.DYN.IMRT.IN",31.4,"BGD","SP.DYN.IMRT.IN",30,"BGD","SP.DYN.IMRT.IN",28.6,"BGD","SP.DYN.IMRT.IN",27.4,"BGD","SP.DYN.IMRT.IN",26.3,"BGD","SP.DYN.IMRT.IN",25.4,"BGD","SP.DYN.IMRT.IN",24.9,"BGD","SP.DYN.IMRT.IN",24.5,"BGD","SP.DYN.IMRT.IN",24.4,"BGD","SP.DYN.IMRT.IN",24.4
"Bangladesh","Mortality rate, under-5 (per 1,000 live births)","BGD","SH.DYN.MORT",85.4,"BGD","SH.DYN.MORT",80.1,"BGD","SH.DYN.MORT",75.3,"BGD","SH.DYN.MORT",70.9,"BGD","SH.DYN.MORT",66.9,"BGD","SH.DYN.MORT",63.2,"BGD","SH.DYN.MORT",59.8,"BGD","SH.DYN.MORT",56.7,"BGD","SH.DYN.MORT",53.9,"BGD","SH.DYN.MORT",51.3,"BGD","SH.DYN.MORT",48.9,"BGD","SH.DYN.MORT",46.7,"BGD","SH.DYN.MORT",44.7,"BGD","SH.DYN.MORT",42.7,"BGD","SH.DYN.MORT",40.7,"BGD","SH.DYN.MORT",38.8,"BGD","SH.DYN.MORT",36.9,"BGD","SH.DYN.MORT",35.2,"BGD","SH.DYN.MORT",33.7,"BGD","SH.DYN.MORT",32.4,"BGD","SH.DYN.MORT",31.5,"BGD","SH.DYN.MORT",31,"BGD","SH.DYN.MORT",30.7,"BGD","SH.DYN.MORT",30.6
"Sri Lanka","Life expectancy at birth, total (years)","LKA","SP.DYN.LE00.IN",71.179,"LKA","SP.DYN.LE00.IN",71.804,"LKA","SP.DYN.LE00.IN",72.271,"LKA","SP.DYN.LE00.IN",72.442,"LKA","SP.DYN.LE00.IN",68.022,"LKA","SP.DYN.LE00.IN",73.073,"LKA","SP.DYN.LE00.IN",72.825,"LKA","SP.DYN.LE00.IN",72.983,"LKA","SP.DYN.LE00.IN",72.556,"LKA","SP.DYN.LE00.IN",70.298,"LKA","SP.DYN.LE00.IN",74.463,"LKA","SP.DYN.LE00.IN",74.74,"LKA","SP.DYN.LE00.IN",75.187,"LKA","SP.DYN.LE00.IN",75.546,"LKA","SP.DYN.LE00.IN",75.757,"LKA","SP.DYN.LE00.IN",75.99,"LKA","SP.DYN.LE00.IN",76.136,"LKA","SP.DYN.LE00.IN",76.239,"LKA","SP.DYN.LE00.IN",76.485,"LKA","SP.DYN.LE00.IN",76.698,"LKA","SP.DYN.LE00.IN",76.928,"LKA","SP.DYN.LE00.IN",76.278,"LKA","SP.DYN.LE00.IN",77.3,"LKA","SP.DYN.LE00.IN",77.483
"Sri Lanka","Current health expenditure (% of GDP)","LKA","SH.XPD.CHEX.GD.ZS",4.10818672,"LKA","SH.XPD.CHEX.GD.ZS",4.05662823,"LKA","SH.XPD.CHEX.GD.ZS",4.03715754,"LKA","SH.XPD.CHEX.GD.ZS",3.64646697,"LKA","SH.XPD.CHEX.GD.ZS",4.03912592,"LKA","SH.XPD.CHEX.GD.ZS",3.87908745,"LKA","SH.XPD.CHEX.GD.ZS",3.85019565,"LKA","SH.XPD.CHEX.GD.ZS",3.82258177,"LKA","SH.XPD.CHEX.GD.ZS",3.85482955,"LKA","SH.XPD.CHEX.GD.ZS",4.05676842,"LKA","SH.XPD.CHEX.GD.ZS",3.7414515,"LKA","SH.XPD.CHEX.GD.ZS",3.5819521,"LKA","SH.XPD.CHEX.GD.ZS",3.30659294,"LKA","SH.XPD.CHEX.GD.ZS",3.69365358,"LKA","SH.XPD.CHEX.GD.ZS",3.46786141,"LKA","SH.XPD.CHEX.GD.ZS",3.6826396,"LKA","SH.XPD.CHEX.GD.ZS",3.61788416,"LKA","SH.XPD.CHEX.GD.ZS",3.33093429,"LKA","SH.XPD.CHEX.GD.ZS",3.6418879,"LKA","SH.XPD.CHEX.GD.ZS",3.89904952,"LKA","SH.XPD.CHEX.GD.ZS",4.06134748,"LKA","SH.XPD.CHEX.GD.ZS",4.02830219,"LKA","SH.XPD.CHEX.GD.ZS",4.36269855,"LKA","SH.XPD.CHEX.GD.ZS",NA
"Sri Lanka","Immunization, DPT (% of children ages 12-23 months)","LKA","SH.IMM.IDPT",99,"LKA","SH.IMM.IDPT",98,"LKA","SH.IMM.IDPT",98,"LKA","SH.IMM.IDPT",99,"LKA","SH.IMM.IDPT",97,"LKA","SH.IMM.IDPT",99,"LKA","SH.IMM.IDPT",98,"LKA","SH.IMM.IDPT",98,"LKA","SH.IMM.IDPT",98,"LKA","SH.IMM.IDPT",97,"LKA","SH.IMM.IDPT",99,"LKA","SH.IMM.IDPT",99,"LKA","SH.IMM.IDPT",99,"LKA","SH.IMM.IDPT",99,"LKA","SH.IMM.IDPT",99,"LKA","SH.IMM.IDPT",99,"LKA","SH.IMM.IDPT",99,"LKA","SH.IMM.IDPT",99,"LKA","SH.IMM.IDPT",99,"LKA","SH.IMM.IDPT",99,"LKA","SH.IMM.IDPT",96,"LKA","SH.IMM.IDPT",96,"LKA","SH.IMM.IDPT",98,"LKA","SH.IMM.IDPT",99
"Sri Lanka","Birth rate, crude (per 1,000 people)","LKA","SP.DYN.CBRT.IN",18.402,"LKA","SP.DYN.CBRT.IN",18.95,"LKA","SP.DYN.CBRT.IN",19.172,"LKA","SP.DYN.CBRT.IN",19.093,"LKA","SP.DYN.CBRT.IN",18.826,"LKA","SP.DYN.CBRT.IN",18.716,"LKA","SP.DYN.CBRT.IN",18.852,"LKA","SP.DYN.CBRT.IN",18.81,"LKA","SP.DYN.CBRT.IN",18.204,"LKA","SP.DYN.CBRT.IN",17.628,"LKA","SP.DYN.CBRT.IN",17.147,"LKA","SP.DYN.CBRT.IN",17.091,"LKA","SP.DYN.CBRT.IN",17.148,"LKA","SP.DYN.CBRT.IN",17.028,"LKA","SP.DYN.CBRT.IN",16.522,"LKA","SP.DYN.CBRT.IN",16.022,"LKA","SP.DYN.CBRT.IN",15.651,"LKA","SP.DYN.CBRT.IN",15.371,"LKA","SP.DYN.CBRT.IN",15.15,"LKA","SP.DYN.CBRT.IN",14.6,"LKA","SP.DYN.CBRT.IN",13.8,"LKA","SP.DYN.CBRT.IN",12.9,"LKA","SP.DYN.CBRT.IN",12.4,"LKA","SP.DYN.CBRT.IN",11.2
"Sri Lanka","Population growth (annual %)","LKA","SP.POP.GROW",1.821928939,"LKA","SP.POP.GROW",1.580290069,"LKA","SP.POP.GROW",1.042436511,"LKA","SP.POP.GROW",0.733298047,"LKA","SP.POP.GROW",0.679757715,"LKA","SP.POP.GROW",0.639733163,"LKA","SP.POP.GROW",0.669909172,"LKA","SP.POP.GROW",0.686177994,"LKA","SP.POP.GROW",0.665501489,"LKA","SP.POP.GROW",0.614014272,"LKA","SP.POP.GROW",0.589181271,"LKA","SP.POP.GROW",0.620507028,"LKA","SP.POP.GROW",0.760628048,"LKA","SP.POP.GROW",-2.799682733,"LKA","SP.POP.GROW",0.933207943,"LKA","SP.POP.GROW",0.919811027,"LKA","SP.POP.GROW",1.133277498,"LKA","SP.POP.GROW",1.143887584,"LKA","SP.POP.GROW",1.006431981,"LKA","SP.POP.GROW",0.611875946,"LKA","SP.POP.GROW",0.53062656,"LKA","SP.POP.GROW",1.075449957,"LKA","SP.POP.GROW",0.11277264,"LKA","SP.POP.GROW",-0.65132077
"Sri Lanka","Death rate, crude (per 1,000 people)","LKA","SP.DYN.CDRT.IN",6.633,"LKA","SP.DYN.CDRT.IN",6.482,"LKA","SP.DYN.CDRT.IN",6.406,"LKA","SP.DYN.CDRT.IN",6.462,"LKA","SP.DYN.CDRT.IN",8.246,"LKA","SP.DYN.CDRT.IN",6.415,"LKA","SP.DYN.CDRT.IN",6.632,"LKA","SP.DYN.CDRT.IN",6.694,"LKA","SP.DYN.CDRT.IN",6.947,"LKA","SP.DYN.CDRT.IN",7.984,"LKA","SP.DYN.CDRT.IN",6.403,"LKA","SP.DYN.CDRT.IN",6.407,"LKA","SP.DYN.CDRT.IN",6.324,"LKA","SP.DYN.CDRT.IN",6.291,"LKA","SP.DYN.CDRT.IN",6.341,"LKA","SP.DYN.CDRT.IN",6.398,"LKA","SP.DYN.CDRT.IN",6.493,"LKA","SP.DYN.CDRT.IN",6.608,"LKA","SP.DYN.CDRT.IN",6.677,"LKA","SP.DYN.CDRT.IN",6.7,"LKA","SP.DYN.CDRT.IN",6,"LKA","SP.DYN.CDRT.IN",7.4,"LKA","SP.DYN.CDRT.IN",8.1,"LKA","SP.DYN.CDRT.IN",8.2
"Sri Lanka","Out-of-pocket expenditure (% of current health expenditure)","LKA","SH.XPD.OOPC.CH.ZS",40.04385376,"LKA","SH.XPD.OOPC.CH.ZS",41.09132385,"LKA","SH.XPD.OOPC.CH.ZS",40.45339584,"LKA","SH.XPD.OOPC.CH.ZS",37.60930634,"LKA","SH.XPD.OOPC.CH.ZS",41.03234863,"LKA","SH.XPD.OOPC.CH.ZS",40.50283051,"LKA","SH.XPD.OOPC.CH.ZS",40.94941711,"LKA","SH.XPD.OOPC.CH.ZS",44.8517952,"LKA","SH.XPD.OOPC.CH.ZS",50.640728,"LKA","SH.XPD.OOPC.CH.ZS",53.28553009,"LKA","SH.XPD.OOPC.CH.ZS",53.29795074,"LKA","SH.XPD.OOPC.CH.ZS",51.22101593,"LKA","SH.XPD.OOPC.CH.ZS",51.93098831,"LKA","SH.XPD.OOPC.CH.ZS",48.93375397,"LKA","SH.XPD.OOPC.CH.ZS",48.68254089,"LKA","SH.XPD.OOPC.CH.ZS",48.93215179,"LKA","SH.XPD.OOPC.CH.ZS",50.1216011,"LKA","SH.XPD.OOPC.CH.ZS",49.25233078,"LKA","SH.XPD.OOPC.CH.ZS",46.81987,"LKA","SH.XPD.OOPC.CH.ZS",45.50741196,"LKA","SH.XPD.OOPC.CH.ZS",43.76281738,"LKA","SH.XPD.OOPC.CH.ZS",42.98878479,"LKA","SH.XPD.OOPC.CH.ZS",40.2233963,"LKA","SH.XPD.OOPC.CH.ZS",NA
"Sri Lanka","Mortality rate, infant (per 1,000 live births)","LKA","SP.DYN.IMRT.IN",13,"LKA","SP.DYN.IMRT.IN",12.7,"LKA","SP.DYN.IMRT.IN",12.4,"LKA","SP.DYN.IMRT.IN",12.1,"LKA","SP.DYN.IMRT.IN",16.7,"LKA","SP.DYN.IMRT.IN",11.2,"LKA","SP.DYN.IMRT.IN",10.7,"LKA","SP.DYN.IMRT.IN",10.2,"LKA","SP.DYN.IMRT.IN",9.7,"LKA","SP.DYN.IMRT.IN",13,"LKA","SP.DYN.IMRT.IN",9.1,"LKA","SP.DYN.IMRT.IN",8.9,"LKA","SP.DYN.IMRT.IN",8.5,"LKA","SP.DYN.IMRT.IN",8.1,"LKA","SP.DYN.IMRT.IN",7.7,"LKA","SP.DYN.IMRT.IN",7.4,"LKA","SP.DYN.IMRT.IN",7,"LKA","SP.DYN.IMRT.IN",6.7,"LKA","SP.DYN.IMRT.IN",6.5,"LKA","SP.DYN.IMRT.IN",6.2,"LKA","SP.DYN.IMRT.IN",6,"LKA","SP.DYN.IMRT.IN",5.8,"LKA","SP.DYN.IMRT.IN",5.5,"LKA","SP.DYN.IMRT.IN",5.3
"Sri Lanka","Mortality rate, under-5 (per 1,000 live births)","LKA","SH.DYN.MORT",16.3,"LKA","SH.DYN.MORT",15.8,"LKA","SH.DYN.MORT",15.5,"LKA","SH.DYN.MORT",15.2,"LKA","SH.DYN.MORT",28.8,"LKA","SH.DYN.MORT",14,"LKA","SH.DYN.MORT",13.3,"LKA","SH.DYN.MORT",12.6,"LKA","SH.DYN.MORT",12,"LKA","SH.DYN.MORT",20.8,"LKA","SH.DYN.MORT",11.2,"LKA","SH.DYN.MORT",10.8,"LKA","SH.DYN.MORT",10.3,"LKA","SH.DYN.MORT",9.8,"LKA","SH.DYN.MORT",9.2,"LKA","SH.DYN.MORT",8.7,"LKA","SH.DYN.MORT",8.3,"LKA","SH.DYN.MORT",7.9,"LKA","SH.DYN.MORT",7.6,"LKA","SH.DYN.MORT",7.2,"LKA","SH.DYN.MORT",6.9,"LKA","SH.DYN.MORT",6.6,"LKA","SH.DYN.MORT",6.4,"LKA","SH.DYN.MORT",6.1
"Maldives","Life expectancy at birth, total (years)","MDV","SP.DYN.LE00.IN",70.892,"MDV","SP.DYN.LE00.IN",71.659,"MDV","SP.DYN.LE00.IN",72.36,"MDV","SP.DYN.LE00.IN",73.263,"MDV","SP.DYN.LE00.IN",73.008,"MDV","SP.DYN.LE00.IN",74.785,"MDV","SP.DYN.LE00.IN",75.256,"MDV","SP.DYN.LE00.IN",75.711,"MDV","SP.DYN.LE00.IN",75.999,"MDV","SP.DYN.LE00.IN",76.371,"MDV","SP.DYN.LE00.IN",76.756,"MDV","SP.DYN.LE00.IN",77.141,"MDV","SP.DYN.LE00.IN",77.512,"MDV","SP.DYN.LE00.IN",77.847,"MDV","SP.DYN.LE00.IN",78.187,"MDV","SP.DYN.LE00.IN",78.607,"MDV","SP.DYN.LE00.IN",78.913,"MDV","SP.DYN.LE00.IN",79.228,"MDV","SP.DYN.LE00.IN",79.433,"MDV","SP.DYN.LE00.IN",79.707,"MDV","SP.DYN.LE00.IN",78.713,"MDV","SP.DYN.LE00.IN",78.052,"MDV","SP.DYN.LE00.IN",80.76,"MDV","SP.DYN.LE00.IN",81.041
"Maldives","Current health expenditure (% of GDP)","MDV","SH.XPD.CHEX.GD.ZS",7.73655844,"MDV","SH.XPD.CHEX.GD.ZS",8.21364975,"MDV","SH.XPD.CHEX.GD.ZS",8.78440189,"MDV","SH.XPD.CHEX.GD.ZS",6.77857542,"MDV","SH.XPD.CHEX.GD.ZS",7.48356962,"MDV","SH.XPD.CHEX.GD.ZS",8.82753372,"MDV","SH.XPD.CHEX.GD.ZS",8.04819012,"MDV","SH.XPD.CHEX.GD.ZS",8.30568123,"MDV","SH.XPD.CHEX.GD.ZS",11.47104168,"MDV","SH.XPD.CHEX.GD.ZS",10.0928812,"MDV","SH.XPD.CHEX.GD.ZS",8.48758984,"MDV","SH.XPD.CHEX.GD.ZS",7.92251587,"MDV","SH.XPD.CHEX.GD.ZS",8.67304802,"MDV","SH.XPD.CHEX.GD.ZS",8.15509319,"MDV","SH.XPD.CHEX.GD.ZS",7.91345072,"MDV","SH.XPD.CHEX.GD.ZS",8.72545815,"MDV","SH.XPD.CHEX.GD.ZS",10.30544567,"MDV","SH.XPD.CHEX.GD.ZS",9.26917839,"MDV","SH.XPD.CHEX.GD.ZS",7.43627834,"MDV","SH.XPD.CHEX.GD.ZS",7.65845585,"MDV","SH.XPD.CHEX.GD.ZS",11.3365984,"MDV","SH.XPD.CHEX.GD.ZS",10.09611702,"MDV","SH.XPD.CHEX.GD.ZS",9.65276241,"MDV","SH.XPD.CHEX.GD.ZS",NA
"Maldives","Immunization, DPT (% of children ages 12-23 months)","MDV","SH.IMM.IDPT",98,"MDV","SH.IMM.IDPT",98,"MDV","SH.IMM.IDPT",98,"MDV","SH.IMM.IDPT",98,"MDV","SH.IMM.IDPT",96,"MDV","SH.IMM.IDPT",98,"MDV","SH.IMM.IDPT",98,"MDV","SH.IMM.IDPT",98,"MDV","SH.IMM.IDPT",98,"MDV","SH.IMM.IDPT",98,"MDV","SH.IMM.IDPT",96,"MDV","SH.IMM.IDPT",96,"MDV","SH.IMM.IDPT",99,"MDV","SH.IMM.IDPT",99,"MDV","SH.IMM.IDPT",99,"MDV","SH.IMM.IDPT",99,"MDV","SH.IMM.IDPT",98,"MDV","SH.IMM.IDPT",98,"MDV","SH.IMM.IDPT",98,"MDV","SH.IMM.IDPT",98,"MDV","SH.IMM.IDPT",98,"MDV","SH.IMM.IDPT",95,"MDV","SH.IMM.IDPT",98,"MDV","SH.IMM.IDPT",98
"Maldives","Birth rate, crude (per 1,000 people)","MDV","SP.DYN.CBRT.IN",19.916,"MDV","SP.DYN.CBRT.IN",19.105,"MDV","SP.DYN.CBRT.IN",18.666,"MDV","SP.DYN.CBRT.IN",18.448,"MDV","SP.DYN.CBRT.IN",18.326,"MDV","SP.DYN.CBRT.IN",18.322,"MDV","SP.DYN.CBRT.IN",18.819,"MDV","SP.DYN.CBRT.IN",19.955,"MDV","SP.DYN.CBRT.IN",20.904,"MDV","SP.DYN.CBRT.IN",21.267,"MDV","SP.DYN.CBRT.IN",20.889,"MDV","SP.DYN.CBRT.IN",20.401,"MDV","SP.DYN.CBRT.IN",19.774,"MDV","SP.DYN.CBRT.IN",18.803,"MDV","SP.DYN.CBRT.IN",17.76,"MDV","SP.DYN.CBRT.IN",16.664,"MDV","SP.DYN.CBRT.IN",15.512,"MDV","SP.DYN.CBRT.IN",14.342,"MDV","SP.DYN.CBRT.IN",13.395,"MDV","SP.DYN.CBRT.IN",12.597,"MDV","SP.DYN.CBRT.IN",12.112,"MDV","SP.DYN.CBRT.IN",11.694,"MDV","SP.DYN.CBRT.IN",11.396,"MDV","SP.DYN.CBRT.IN",11.018
"Maldives","Population growth (annual %)","MDV","SP.POP.GROW",1.647067878,"MDV","SP.POP.GROW",1.669559479,"MDV","SP.POP.GROW",1.676782897,"MDV","SP.POP.GROW",1.657899553,"MDV","SP.POP.GROW",1.646455347,"MDV","SP.POP.GROW",1.650466359,"MDV","SP.POP.GROW",2.393227009,"MDV","SP.POP.GROW",3.330246811,"MDV","SP.POP.GROW",3.539616529,"MDV","SP.POP.GROW",3.53754132,"MDV","SP.POP.GROW",3.53092174,"MDV","SP.POP.GROW",3.508214455,"MDV","SP.POP.GROW",3.457053863,"MDV","SP.POP.GROW",3.368523362,"MDV","SP.POP.GROW",3.330089307,"MDV","SP.POP.GROW",3.454251908,"MDV","SP.POP.GROW",3.478184411,"MDV","SP.POP.GROW",3.323083736,"MDV","SP.POP.GROW",3.18090435,"MDV","SP.POP.GROW",3.045935545,"MDV","SP.POP.GROW",2.907112747,"MDV","SP.POP.GROW",2.757001874,"MDV","SP.POP.GROW",1.528878337,"MDV","SP.POP.GROW",0.359585189
"Maldives","Death rate, crude (per 1,000 people)","MDV","SP.DYN.CDRT.IN",4.412,"MDV","SP.DYN.CDRT.IN",4.211,"MDV","SP.DYN.CDRT.IN",4.069,"MDV","SP.DYN.CDRT.IN",3.89,"MDV","SP.DYN.CDRT.IN",4.103,"MDV","SP.DYN.CDRT.IN",3.66,"MDV","SP.DYN.CDRT.IN",3.635,"MDV","SP.DYN.CDRT.IN",3.547,"MDV","SP.DYN.CDRT.IN",3.485,"MDV","SP.DYN.CDRT.IN",3.388,"MDV","SP.DYN.CDRT.IN",3.288,"MDV","SP.DYN.CDRT.IN",3.196,"MDV","SP.DYN.CDRT.IN",3.112,"MDV","SP.DYN.CDRT.IN",3.037,"MDV","SP.DYN.CDRT.IN",2.958,"MDV","SP.DYN.CDRT.IN",2.851,"MDV","SP.DYN.CDRT.IN",2.763,"MDV","SP.DYN.CDRT.IN",2.685,"MDV","SP.DYN.CDRT.IN",2.642,"MDV","SP.DYN.CDRT.IN",2.579,"MDV","SP.DYN.CDRT.IN",2.963,"MDV","SP.DYN.CDRT.IN",3.118,"MDV","SP.DYN.CDRT.IN",2.329,"MDV","SP.DYN.CDRT.IN",2.338
"Maldives","Out-of-pocket expenditure (% of current health expenditure)","MDV","SH.XPD.OOPC.CH.ZS",62.99431229,"MDV","SH.XPD.OOPC.CH.ZS",57.46391678,"MDV","SH.XPD.OOPC.CH.ZS",51.88085938,"MDV","SH.XPD.OOPC.CH.ZS",53.8095932,"MDV","SH.XPD.OOPC.CH.ZS",59.50085068,"MDV","SH.XPD.OOPC.CH.ZS",55.65866089,"MDV","SH.XPD.OOPC.CH.ZS",49.92178345,"MDV","SH.XPD.OOPC.CH.ZS",47.22499084,"MDV","SH.XPD.OOPC.CH.ZS",33.10024261,"MDV","SH.XPD.OOPC.CH.ZS",34.3166008,"MDV","SH.XPD.OOPC.CH.ZS",40.07978439,"MDV","SH.XPD.OOPC.CH.ZS",39.68729782,"MDV","SH.XPD.OOPC.CH.ZS",32.18829346,"MDV","SH.XPD.OOPC.CH.ZS",32.28968811,"MDV","SH.XPD.OOPC.CH.ZS",28.11688995,"MDV","SH.XPD.OOPC.CH.ZS",19.45229149,"MDV","SH.XPD.OOPC.CH.ZS",18.93492508,"MDV","SH.XPD.OOPC.CH.ZS",20.585186,"MDV","SH.XPD.OOPC.CH.ZS",19.77984238,"MDV","SH.XPD.OOPC.CH.ZS",17.46362114,"MDV","SH.XPD.OOPC.CH.ZS",16.90793228,"MDV","SH.XPD.OOPC.CH.ZS",14.91987514,"MDV","SH.XPD.OOPC.CH.ZS",17.54257965,"MDV","SH.XPD.OOPC.CH.ZS",NA
"Maldives","Mortality rate, infant (per 1,000 live births)","MDV","SP.DYN.IMRT.IN",33.5,"MDV","SP.DYN.IMRT.IN",29.8,"MDV","SP.DYN.IMRT.IN",26.5,"MDV","SP.DYN.IMRT.IN",23.4,"MDV","SP.DYN.IMRT.IN",21.8,"MDV","SP.DYN.IMRT.IN",18.6,"MDV","SP.DYN.IMRT.IN",16.7,"MDV","SP.DYN.IMRT.IN",15.2,"MDV","SP.DYN.IMRT.IN",13.9,"MDV","SP.DYN.IMRT.IN",12.8,"MDV","SP.DYN.IMRT.IN",11.9,"MDV","SP.DYN.IMRT.IN",11.1,"MDV","SP.DYN.IMRT.IN",10.4,"MDV","SP.DYN.IMRT.IN",9.8,"MDV","SP.DYN.IMRT.IN",9.1,"MDV","SP.DYN.IMRT.IN",8.5,"MDV","SP.DYN.IMRT.IN",8,"MDV","SP.DYN.IMRT.IN",7.4,"MDV","SP.DYN.IMRT.IN",6.9,"MDV","SP.DYN.IMRT.IN",6.4,"MDV","SP.DYN.IMRT.IN",6,"MDV","SP.DYN.IMRT.IN",5.6,"MDV","SP.DYN.IMRT.IN",5.3,"MDV","SP.DYN.IMRT.IN",5
"Maldives","Mortality rate, under-5 (per 1,000 live births)","MDV","SH.DYN.MORT",39,"MDV","SH.DYN.MORT",34.7,"MDV","SH.DYN.MORT",30.8,"MDV","SH.DYN.MORT",27.2,"MDV","SH.DYN.MORT",27,"MDV","SH.DYN.MORT",21.6,"MDV","SH.DYN.MORT",19.4,"MDV","SH.DYN.MORT",17.6,"MDV","SH.DYN.MORT",16.1,"MDV","SH.DYN.MORT",14.9,"MDV","SH.DYN.MORT",13.8,"MDV","SH.DYN.MORT",12.9,"MDV","SH.DYN.MORT",12.1,"MDV","SH.DYN.MORT",11.3,"MDV","SH.DYN.MORT",10.5,"MDV","SH.DYN.MORT",9.9,"MDV","SH.DYN.MORT",9.2,"MDV","SH.DYN.MORT",8.6,"MDV","SH.DYN.MORT",8,"MDV","SH.DYN.MORT",7.4,"MDV","SH.DYN.MORT",6.9,"MDV","SH.DYN.MORT",6.4,"MDV","SH.DYN.MORT",6,"MDV","SH.DYN.MORT",5.7
"Pakistan","Life expectancy at birth, total (years)","PAK","SP.DYN.LE00.IN",61.903,"PAK","SP.DYN.LE00.IN",62.241,"PAK","SP.DYN.LE00.IN",62.556,"PAK","SP.DYN.LE00.IN",62.834,"PAK","SP.DYN.LE00.IN",63.097,"PAK","SP.DYN.LE00.IN",62.416,"PAK","SP.DYN.LE00.IN",63.624,"PAK","SP.DYN.LE00.IN",63.807,"PAK","SP.DYN.LE00.IN",64.002,"PAK","SP.DYN.LE00.IN",64.206,"PAK","SP.DYN.LE00.IN",64.378,"PAK","SP.DYN.LE00.IN",64.659,"PAK","SP.DYN.LE00.IN",64.883,"PAK","SP.DYN.LE00.IN",65.129,"PAK","SP.DYN.LE00.IN",65.374,"PAK","SP.DYN.LE00.IN",65.641,"PAK","SP.DYN.LE00.IN",65.943,"PAK","SP.DYN.LE00.IN",66.223,"PAK","SP.DYN.LE00.IN",66.481,"PAK","SP.DYN.LE00.IN",66.729,"PAK","SP.DYN.LE00.IN",65.701,"PAK","SP.DYN.LE00.IN",65.773,"PAK","SP.DYN.LE00.IN",67.417,"PAK","SP.DYN.LE00.IN",67.649
"Pakistan","Current health expenditure (% of GDP)","PAK","SH.XPD.CHEX.GD.ZS",2.48079324,"PAK","SH.XPD.CHEX.GD.ZS",2.33959723,"PAK","SH.XPD.CHEX.GD.ZS",2.42219901,"PAK","SH.XPD.CHEX.GD.ZS",2.10399199,"PAK","SH.XPD.CHEX.GD.ZS",2.03666282,"PAK","SH.XPD.CHEX.GD.ZS",2.37323904,"PAK","SH.XPD.CHEX.GD.ZS",2.73132491,"PAK","SH.XPD.CHEX.GD.ZS",2.62370729,"PAK","SH.XPD.CHEX.GD.ZS",2.56806731,"PAK","SH.XPD.CHEX.GD.ZS",2.49995875,"PAK","SH.XPD.CHEX.GD.ZS",2.42967653,"PAK","SH.XPD.CHEX.GD.ZS",2.23121333,"PAK","SH.XPD.CHEX.GD.ZS",2.22185278,"PAK","SH.XPD.CHEX.GD.ZS",2.4164784,"PAK","SH.XPD.CHEX.GD.ZS",2.48899078,"PAK","SH.XPD.CHEX.GD.ZS",2.49493265,"PAK","SH.XPD.CHEX.GD.ZS",2.57026362,"PAK","SH.XPD.CHEX.GD.ZS",2.7863009,"PAK","SH.XPD.CHEX.GD.ZS",2.82844949,"PAK","SH.XPD.CHEX.GD.ZS",2.84736943,"PAK","SH.XPD.CHEX.GD.ZS",2.95273018,"PAK","SH.XPD.CHEX.GD.ZS",2.99015832,"PAK","SH.XPD.CHEX.GD.ZS",2.90434051,"PAK","SH.XPD.CHEX.GD.ZS",NA
"Pakistan","Immunization, DPT (% of children ages 12-23 months)","PAK","SH.IMM.IDPT",59,"PAK","SH.IMM.IDPT",61,"PAK","SH.IMM.IDPT",63,"PAK","SH.IMM.IDPT",66,"PAK","SH.IMM.IDPT",68,"PAK","SH.IMM.IDPT",63,"PAK","SH.IMM.IDPT",59,"PAK","SH.IMM.IDPT",54,"PAK","SH.IMM.IDPT",53,"PAK","SH.IMM.IDPT",52,"PAK","SH.IMM.IDPT",52,"PAK","SH.IMM.IDPT",63,"PAK","SH.IMM.IDPT",64,"PAK","SH.IMM.IDPT",65,"PAK","SH.IMM.IDPT",69,"PAK","SH.IMM.IDPT",72,"PAK","SH.IMM.IDPT",75,"PAK","SH.IMM.IDPT",75,"PAK","SH.IMM.IDPT",80,"PAK","SH.IMM.IDPT",84,"PAK","SH.IMM.IDPT",80,"PAK","SH.IMM.IDPT",83,"PAK","SH.IMM.IDPT",85,"PAK","SH.IMM.IDPT",86
"Pakistan","Birth rate, crude (per 1,000 people)","PAK","SP.DYN.CBRT.IN",36.541,"PAK","SP.DYN.CBRT.IN",35.71,"PAK","SP.DYN.CBRT.IN",34.883,"PAK","SP.DYN.CBRT.IN",34.295,"PAK","SP.DYN.CBRT.IN",33.21,"PAK","SP.DYN.CBRT.IN",32.887,"PAK","SP.DYN.CBRT.IN",33.162,"PAK","SP.DYN.CBRT.IN",33.262,"PAK","SP.DYN.CBRT.IN",33.583,"PAK","SP.DYN.CBRT.IN",33.609,"PAK","SP.DYN.CBRT.IN",33.525,"PAK","SP.DYN.CBRT.IN",33.045,"PAK","SP.DYN.CBRT.IN",32.48,"PAK","SP.DYN.CBRT.IN",31.902,"PAK","SP.DYN.CBRT.IN",31.303,"PAK","SP.DYN.CBRT.IN",30.697,"PAK","SP.DYN.CBRT.IN",29.956,"PAK","SP.DYN.CBRT.IN",29.738,"PAK","SP.DYN.CBRT.IN",29.343,"PAK","SP.DYN.CBRT.IN",28.986,"PAK","SP.DYN.CBRT.IN",28.625,"PAK","SP.DYN.CBRT.IN",28.384,"PAK","SP.DYN.CBRT.IN",28.13,"PAK","SP.DYN.CBRT.IN",27.806
"Pakistan","Population growth (annual %)","PAK","SP.POP.GROW",2.824759835,"PAK","SP.POP.GROW",2.796158309,"PAK","SP.POP.GROW",2.45080309,"PAK","SP.POP.GROW",2.353916139,"PAK","SP.POP.GROW",2.468091176,"PAK","SP.POP.GROW",2.403773504,"PAK","SP.POP.GROW",2.382005287,"PAK","SP.POP.GROW",2.642031252,"PAK","SP.POP.GROW",2.677156931,"PAK","SP.POP.GROW",2.541283109,"PAK","SP.POP.GROW",2.470817015,"PAK","SP.POP.GROW",2.236909403,"PAK","SP.POP.GROW",1.906199813,"PAK","SP.POP.GROW",1.627224148,"PAK","SP.POP.GROW",1.500324054,"PAK","SP.POP.GROW",1.402501136,"PAK","SP.POP.GROW",1.302163938,"PAK","SP.POP.GROW",1.414099904,"PAK","SP.POP.GROW",1.623714833,"PAK","SP.POP.GROW",1.691871247,"PAK","SP.POP.GROW",1.803751413,"PAK","SP.POP.GROW",1.886777972,"PAK","SP.POP.GROW",1.747997398,"PAK","SP.POP.GROW",1.548804586
"Pakistan","Death rate, crude (per 1,000 people)","PAK","SP.DYN.CDRT.IN",8.899,"PAK","SP.DYN.CDRT.IN",8.685,"PAK","SP.DYN.CDRT.IN",8.492,"PAK","SP.DYN.CDRT.IN",8.32,"PAK","SP.DYN.CDRT.IN",8.137,"PAK","SP.DYN.CDRT.IN",8.411,"PAK","SP.DYN.CDRT.IN",7.904,"PAK","SP.DYN.CDRT.IN",7.84,"PAK","SP.DYN.CDRT.IN",7.8,"PAK","SP.DYN.CDRT.IN",7.741,"PAK","SP.DYN.CDRT.IN",7.691,"PAK","SP.DYN.CDRT.IN",7.575,"PAK","SP.DYN.CDRT.IN",7.482,"PAK","SP.DYN.CDRT.IN",7.377,"PAK","SP.DYN.CDRT.IN",7.272,"PAK","SP.DYN.CDRT.IN",7.164,"PAK","SP.DYN.CDRT.IN",7.039,"PAK","SP.DYN.CDRT.IN",6.94,"PAK","SP.DYN.CDRT.IN",6.852,"PAK","SP.DYN.CDRT.IN",6.772,"PAK","SP.DYN.CDRT.IN",7.301,"PAK","SP.DYN.CDRT.IN",7.23,"PAK","SP.DYN.CDRT.IN",6.513,"PAK","SP.DYN.CDRT.IN",6.466
"Pakistan","Out-of-pocket expenditure (% of current health expenditure)","PAK","SH.XPD.OOPC.CH.ZS",57.3422699,"PAK","SH.XPD.OOPC.CH.ZS",55.79309845,"PAK","SH.XPD.OOPC.CH.ZS",50.96485519,"PAK","SH.XPD.OOPC.CH.ZS",60.46445465,"PAK","SH.XPD.OOPC.CH.ZS",60.75031281,"PAK","SH.XPD.OOPC.CH.ZS",65.86717224,"PAK","SH.XPD.OOPC.CH.ZS",72.83744049,"PAK","SH.XPD.OOPC.CH.ZS",71.69874573,"PAK","SH.XPD.OOPC.CH.ZS",69.98925781,"PAK","SH.XPD.OOPC.CH.ZS",67.87589264,"PAK","SH.XPD.OOPC.CH.ZS",67.75833893,"PAK","SH.XPD.OOPC.CH.ZS",65.34801483,"PAK","SH.XPD.OOPC.CH.ZS",61.15657806,"PAK","SH.XPD.OOPC.CH.ZS",62.74438858,"PAK","SH.XPD.OOPC.CH.ZS",65.50695038,"PAK","SH.XPD.OOPC.CH.ZS",64.43975067,"PAK","SH.XPD.OOPC.CH.ZS",62.12799454,"PAK","SH.XPD.OOPC.CH.ZS",57.8424263,"PAK","SH.XPD.OOPC.CH.ZS",56.24115753,"PAK","SH.XPD.OOPC.CH.ZS",56.08301163,"PAK","SH.XPD.OOPC.CH.ZS",55.23900604,"PAK","SH.XPD.OOPC.CH.ZS",50.67523956,"PAK","SH.XPD.OOPC.CH.ZS",47.36522675,"PAK","SH.XPD.OOPC.CH.ZS",NA
"Pakistan","Mortality rate, infant (per 1,000 live births)","PAK","SP.DYN.IMRT.IN",89.1,"PAK","SP.DYN.IMRT.IN",87,"PAK","SP.DYN.IMRT.IN",85,"PAK","SP.DYN.IMRT.IN",83.4,"PAK","SP.DYN.IMRT.IN",81.8,"PAK","SP.DYN.IMRT.IN",80.4,"PAK","SP.DYN.IMRT.IN",79,"PAK","SP.DYN.IMRT.IN",77.7,"PAK","SP.DYN.IMRT.IN",76.3,"PAK","SP.DYN.IMRT.IN",74.8,"PAK","SP.DYN.IMRT.IN",73.2,"PAK","SP.DYN.IMRT.IN",71.6,"PAK","SP.DYN.IMRT.IN",69.8,"PAK","SP.DYN.IMRT.IN",67.9,"PAK","SP.DYN.IMRT.IN",66,"PAK","SP.DYN.IMRT.IN",64.1,"PAK","SP.DYN.IMRT.IN",62.2,"PAK","SP.DYN.IMRT.IN",60.3,"PAK","SP.DYN.IMRT.IN",58.5,"PAK","SP.DYN.IMRT.IN",56.8,"PAK","SP.DYN.IMRT.IN",55.1,"PAK","SP.DYN.IMRT.IN",53.4,"PAK","SP.DYN.IMRT.IN",51.8,"PAK","SP.DYN.IMRT.IN",50.1
"Pakistan","Mortality rate, under-5 (per 1,000 live births)","PAK","SH.DYN.MORT",108.1,"PAK","SH.DYN.MORT",105.3,"PAK","SH.DYN.MORT",102.8,"PAK","SH.DYN.MORT",100.5,"PAK","SH.DYN.MORT",98.5,"PAK","SH.DYN.MORT",96.5,"PAK","SH.DYN.MORT",94.7,"PAK","SH.DYN.MORT",92.9,"PAK","SH.DYN.MORT",91,"PAK","SH.DYN.MORT",89.1,"PAK","SH.DYN.MORT",87.1,"PAK","SH.DYN.MORT",84.9,"PAK","SH.DYN.MORT",82.7,"PAK","SH.DYN.MORT",80.4,"PAK","SH.DYN.MORT",78,"PAK","SH.DYN.MORT",75.6,"PAK","SH.DYN.MORT",73.3,"PAK","SH.DYN.MORT",71,"PAK","SH.DYN.MORT",68.8,"PAK","SH.DYN.MORT",66.7,"PAK","SH.DYN.MORT",64.6,"PAK","SH.DYN.MORT",62.5,"PAK","SH.DYN.MORT",60.5,"PAK","SH.DYN.MORT",58.5
"Afghanistan","Life expectancy at birth, total (years)","AFG","SP.DYN.LE00.IN",55.005,"AFG","SP.DYN.LE00.IN",55.511,"AFG","SP.DYN.LE00.IN",56.225,"AFG","SP.DYN.LE00.IN",57.171,"AFG","SP.DYN.LE00.IN",57.81,"AFG","SP.DYN.LE00.IN",58.247,"AFG","SP.DYN.LE00.IN",58.553,"AFG","SP.DYN.LE00.IN",58.956,"AFG","SP.DYN.LE00.IN",59.708,"AFG","SP.DYN.LE00.IN",60.248,"AFG","SP.DYN.LE00.IN",60.702,"AFG","SP.DYN.LE00.IN",61.25,"AFG","SP.DYN.LE00.IN",61.735,"AFG","SP.DYN.LE00.IN",62.188,"AFG","SP.DYN.LE00.IN",62.26,"AFG","SP.DYN.LE00.IN",62.27,"AFG","SP.DYN.LE00.IN",62.646,"AFG","SP.DYN.LE00.IN",62.406,"AFG","SP.DYN.LE00.IN",62.443,"AFG","SP.DYN.LE00.IN",62.941,"AFG","SP.DYN.LE00.IN",61.454,"AFG","SP.DYN.LE00.IN",60.417,"AFG","SP.DYN.LE00.IN",65.617,"AFG","SP.DYN.LE00.IN",66.035
"Afghanistan","Current health expenditure (% of GDP)","AFG","SH.XPD.CHEX.GD.ZS",NA,"AFG","SH.XPD.CHEX.GD.ZS",NA,"AFG","SH.XPD.CHEX.GD.ZS",9.44339085,"AFG","SH.XPD.CHEX.GD.ZS",8.94125843,"AFG","SH.XPD.CHEX.GD.ZS",9.80847359,"AFG","SH.XPD.CHEX.GD.ZS",9.94828892,"AFG","SH.XPD.CHEX.GD.ZS",10.62276554,"AFG","SH.XPD.CHEX.GD.ZS",9.90467453,"AFG","SH.XPD.CHEX.GD.ZS",10.25649548,"AFG","SH.XPD.CHEX.GD.ZS",9.81848717,"AFG","SH.XPD.CHEX.GD.ZS",8.56967163,"AFG","SH.XPD.CHEX.GD.ZS",8.56190777,"AFG","SH.XPD.CHEX.GD.ZS",7.89716864,"AFG","SH.XPD.CHEX.GD.ZS",8.80596447,"AFG","SH.XPD.CHEX.GD.ZS",9.52887821,"AFG","SH.XPD.CHEX.GD.ZS",10.10534763,"AFG","SH.XPD.CHEX.GD.ZS",11.81859016,"AFG","SH.XPD.CHEX.GD.ZS",12.62081718,"AFG","SH.XPD.CHEX.GD.ZS",14.20841885,"AFG","SH.XPD.CHEX.GD.ZS",14.83131981,"AFG","SH.XPD.CHEX.GD.ZS",15.53361416,"AFG","SH.XPD.CHEX.GD.ZS",21.508461,"AFG","SH.XPD.CHEX.GD.ZS",23.0881691,"AFG","SH.XPD.CHEX.GD.ZS",NA
"Afghanistan","Immunization, DPT (% of children ages 12-23 months)","AFG","SH.IMM.IDPT",24,"AFG","SH.IMM.IDPT",33,"AFG","SH.IMM.IDPT",36,"AFG","SH.IMM.IDPT",41,"AFG","SH.IMM.IDPT",50,"AFG","SH.IMM.IDPT",58,"AFG","SH.IMM.IDPT",58,"AFG","SH.IMM.IDPT",63,"AFG","SH.IMM.IDPT",64,"AFG","SH.IMM.IDPT",63,"AFG","SH.IMM.IDPT",66,"AFG","SH.IMM.IDPT",68,"AFG","SH.IMM.IDPT",67,"AFG","SH.IMM.IDPT",64,"AFG","SH.IMM.IDPT",62,"AFG","SH.IMM.IDPT",64,"AFG","SH.IMM.IDPT",66,"AFG","SH.IMM.IDPT",64,"AFG","SH.IMM.IDPT",68,"AFG","SH.IMM.IDPT",65,"AFG","SH.IMM.IDPT",61,"AFG","SH.IMM.IDPT",55,"AFG","SH.IMM.IDPT",58,"AFG","SH.IMM.IDPT",60
"Afghanistan","Birth rate, crude (per 1,000 people)","AFG","SP.DYN.CBRT.IN",51.491,"AFG","SP.DYN.CBRT.IN",49.623,"AFG","SP.DYN.CBRT.IN",47.488,"AFG","SP.DYN.CBRT.IN",47.056,"AFG","SP.DYN.CBRT.IN",46.492,"AFG","SP.DYN.CBRT.IN",44.952,"AFG","SP.DYN.CBRT.IN",44.087,"AFG","SP.DYN.CBRT.IN",43.831,"AFG","SP.DYN.CBRT.IN",42.538,"AFG","SP.DYN.CBRT.IN",42.162,"AFG","SP.DYN.CBRT.IN",41.759,"AFG","SP.DYN.CBRT.IN",40.973,"AFG","SP.DYN.CBRT.IN",40.702,"AFG","SP.DYN.CBRT.IN",40.288,"AFG","SP.DYN.CBRT.IN",39.646,"AFG","SP.DYN.CBRT.IN",39.364,"AFG","SP.DYN.CBRT.IN",38.732,"AFG","SP.DYN.CBRT.IN",38.171,"AFG","SP.DYN.CBRT.IN",37.624,"AFG","SP.DYN.CBRT.IN",37.138,"AFG","SP.DYN.CBRT.IN",36.601,"AFG","SP.DYN.CBRT.IN",36.342,"AFG","SP.DYN.CBRT.IN",36.045,"AFG","SP.DYN.CBRT.IN",35.437
"Afghanistan","Population growth (annual %)","AFG","SP.POP.GROW",1.212175976,"AFG","SP.POP.GROW",0.762004897,"AFG","SP.POP.GROW",5.252029585,"AFG","SP.POP.GROW",6.145194002,"AFG","SP.POP.GROW",3.575834854,"AFG","SP.POP.GROW",3.51921696,"AFG","SP.POP.GROW",4.092702017,"AFG","SP.POP.GROW",1.89259754,"AFG","SP.POP.GROW",2.186546182,"AFG","SP.POP.GROW",3.646380908,"AFG","SP.POP.GROW",2.934686702,"AFG","SP.POP.GROW",3.691503084,"AFG","SP.POP.GROW",4.047862563,"AFG","SP.POP.GROW",3.418226676,"AFG","SP.POP.GROW",3.632518847,"AFG","SP.POP.GROW",3.119959241,"AFG","SP.POP.GROW",2.535719918,"AFG","SP.POP.GROW",2.808337308,"AFG","SP.POP.GROW",2.910809599,"AFG","SP.POP.GROW",2.984389136,"AFG","SP.POP.GROW",3.153609203,"AFG","SP.POP.GROW",2.356097792,"AFG","SP.POP.GROW",1.43570437,"AFG","SP.POP.GROW",2.13559385
"Afghanistan","Death rate, crude (per 1,000 people)","AFG","SP.DYN.CDRT.IN",12.608,"AFG","SP.DYN.CDRT.IN",11.954,"AFG","SP.DYN.CDRT.IN",11.187,"AFG","SP.DYN.CDRT.IN",10.714,"AFG","SP.DYN.CDRT.IN",10.375,"AFG","SP.DYN.CDRT.IN",9.913,"AFG","SP.DYN.CDRT.IN",9.659,"AFG","SP.DYN.CDRT.IN",9.487,"AFG","SP.DYN.CDRT.IN",8.884,"AFG","SP.DYN.CDRT.IN",8.645,"AFG","SP.DYN.CDRT.IN",8.402,"AFG","SP.DYN.CDRT.IN",8.032,"AFG","SP.DYN.CDRT.IN",7.822,"AFG","SP.DYN.CDRT.IN",7.597,"AFG","SP.DYN.CDRT.IN",7.511,"AFG","SP.DYN.CDRT.IN",7.528,"AFG","SP.DYN.CDRT.IN",7.32,"AFG","SP.DYN.CDRT.IN",7.315,"AFG","SP.DYN.CDRT.IN",7.271,"AFG","SP.DYN.CDRT.IN",7.064,"AFG","SP.DYN.CDRT.IN",7.565,"AFG","SP.DYN.CDRT.IN",8.002,"AFG","SP.DYN.CDRT.IN",5.993,"AFG","SP.DYN.CDRT.IN",5.797
"Afghanistan","Out-of-pocket expenditure (% of current health expenditure)","AFG","SH.XPD.OOPC.CH.ZS",NA,"AFG","SH.XPD.OOPC.CH.ZS",NA,"AFG","SH.XPD.OOPC.CH.ZS",85.37560272,"AFG","SH.XPD.OOPC.CH.ZS",86.06919098,"AFG","SH.XPD.OOPC.CH.ZS",84.52758789,"AFG","SH.XPD.OOPC.CH.ZS",78.97008514,"AFG","SH.XPD.OOPC.CH.ZS",76.82497406,"AFG","SH.XPD.OOPC.CH.ZS",78.16998291,"AFG","SH.XPD.OOPC.CH.ZS",75.40338898,"AFG","SH.XPD.OOPC.CH.ZS",72.77924347,"AFG","SH.XPD.OOPC.CH.ZS",78.9966507,"AFG","SH.XPD.OOPC.CH.ZS",73.25517273,"AFG","SH.XPD.OOPC.CH.ZS",74.48620605,"AFG","SH.XPD.OOPC.CH.ZS",72.04785919,"AFG","SH.XPD.OOPC.CH.ZS",73.05592346,"AFG","SH.XPD.OOPC.CH.ZS",78.3822937,"AFG","SH.XPD.OOPC.CH.ZS",75.97433472,"AFG","SH.XPD.OOPC.CH.ZS",75.48258209,"AFG","SH.XPD.OOPC.CH.ZS",76.22302246,"AFG","SH.XPD.OOPC.CH.ZS",76.818367,"AFG","SH.XPD.OOPC.CH.ZS",74.81396484,"AFG","SH.XPD.OOPC.CH.ZS",77.21405029,"AFG","SH.XPD.OOPC.CH.ZS",77.94615173,"AFG","SH.XPD.OOPC.CH.ZS",NA
"Afghanistan","Mortality rate, infant (per 1,000 live births)","AFG","SP.DYN.IMRT.IN",110.1,"AFG","SP.DYN.IMRT.IN",107,"AFG","SP.DYN.IMRT.IN",103.8,"AFG","SP.DYN.IMRT.IN",100.6,"AFG","SP.DYN.IMRT.IN",97.2,"AFG","SP.DYN.IMRT.IN",93.7,"AFG","SP.DYN.IMRT.IN",90.1,"AFG","SP.DYN.IMRT.IN",86.7,"AFG","SP.DYN.IMRT.IN",83.3,"AFG","SP.DYN.IMRT.IN",80,"AFG","SP.DYN.IMRT.IN",76.9,"AFG","SP.DYN.IMRT.IN",74,"AFG","SP.DYN.IMRT.IN",71.3,"AFG","SP.DYN.IMRT.IN",68.7,"AFG","SP.DYN.IMRT.IN",66.4,"AFG","SP.DYN.IMRT.IN",64.2,"AFG","SP.DYN.IMRT.IN",62.3,"AFG","SP.DYN.IMRT.IN",60.4,"AFG","SP.DYN.IMRT.IN",58.6,"AFG","SP.DYN.IMRT.IN",56.9,"AFG","SP.DYN.IMRT.IN",55.3,"AFG","SP.DYN.IMRT.IN",53.6,"AFG","SP.DYN.IMRT.IN",52,"AFG","SP.DYN.IMRT.IN",50.4
"Afghanistan","Mortality rate, under-5 (per 1,000 live births)","AFG","SH.DYN.MORT",131.7,"AFG","SH.DYN.MORT",127.4,"AFG","SH.DYN.MORT",123.1,"AFG","SH.DYN.MORT",118.7,"AFG","SH.DYN.MORT",114.2,"AFG","SH.DYN.MORT",109.7,"AFG","SH.DYN.MORT",105.1,"AFG","SH.DYN.MORT",100.7,"AFG","SH.DYN.MORT",96.3,"AFG","SH.DYN.MORT",92.2,"AFG","SH.DYN.MORT",88.3,"AFG","SH.DYN.MORT",84.6,"AFG","SH.DYN.MORT",81.2,"AFG","SH.DYN.MORT",78,"AFG","SH.DYN.MORT",75.1,"AFG","SH.DYN.MORT",72.4,"AFG","SH.DYN.MORT",70,"AFG","SH.DYN.MORT",67.6,"AFG","SH.DYN.MORT",65.4,"AFG","SH.DYN.MORT",63.3,"AFG","SH.DYN.MORT",61.3,"AFG","SH.DYN.MORT",59.3,"AFG","SH.DYN.MORT",57.4,"AFG","SH.DYN.MORT",55.5
"Bhutan","Life expectancy at birth, total (years)","BTN","SP.DYN.LE00.IN",61.842,"BTN","SP.DYN.LE00.IN",63.323,"BTN","SP.DYN.LE00.IN",63.984,"BTN","SP.DYN.LE00.IN",64.662,"BTN","SP.DYN.LE00.IN",65.29,"BTN","SP.DYN.LE00.IN",65.875,"BTN","SP.DYN.LE00.IN",66.499,"BTN","SP.DYN.LE00.IN",67.152,"BTN","SP.DYN.LE00.IN",67.733,"BTN","SP.DYN.LE00.IN",68.156,"BTN","SP.DYN.LE00.IN",68.765,"BTN","SP.DYN.LE00.IN",69.28,"BTN","SP.DYN.LE00.IN",69.759,"BTN","SP.DYN.LE00.IN",70.161,"BTN","SP.DYN.LE00.IN",70.504,"BTN","SP.DYN.LE00.IN",70.797,"BTN","SP.DYN.LE00.IN",71.119,"BTN","SP.DYN.LE00.IN",71.413,"BTN","SP.DYN.LE00.IN",71.711,"BTN","SP.DYN.LE00.IN",72.005,"BTN","SP.DYN.LE00.IN",72.253,"BTN","SP.DYN.LE00.IN",72.448,"BTN","SP.DYN.LE00.IN",72.754,"BTN","SP.DYN.LE00.IN",72.975
"Bhutan","Current health expenditure (% of GDP)","BTN","SH.XPD.CHEX.GD.ZS",4.13867903,"BTN","SH.XPD.CHEX.GD.ZS",4.60037947,"BTN","SH.XPD.CHEX.GD.ZS",3.95161104,"BTN","SH.XPD.CHEX.GD.ZS",3.83481455,"BTN","SH.XPD.CHEX.GD.ZS",4.26397753,"BTN","SH.XPD.CHEX.GD.ZS",3.83308983,"BTN","SH.XPD.CHEX.GD.ZS",4.08523893,"BTN","SH.XPD.CHEX.GD.ZS",3.83774948,"BTN","SH.XPD.CHEX.GD.ZS",3.14842224,"BTN","SH.XPD.CHEX.GD.ZS",3.29665017,"BTN","SH.XPD.CHEX.GD.ZS",3.29502344,"BTN","SH.XPD.CHEX.GD.ZS",3.08310628,"BTN","SH.XPD.CHEX.GD.ZS",3.32087612,"BTN","SH.XPD.CHEX.GD.ZS",3.40428138,"BTN","SH.XPD.CHEX.GD.ZS",3.28293824,"BTN","SH.XPD.CHEX.GD.ZS",3.48926425,"BTN","SH.XPD.CHEX.GD.ZS",3.32710075,"BTN","SH.XPD.CHEX.GD.ZS",3.1345315,"BTN","SH.XPD.CHEX.GD.ZS",3.06896734,"BTN","SH.XPD.CHEX.GD.ZS",3.37511158,"BTN","SH.XPD.CHEX.GD.ZS",4.08451509,"BTN","SH.XPD.CHEX.GD.ZS",3.0729053,"BTN","SH.XPD.CHEX.GD.ZS",4.38545895,"BTN","SH.XPD.CHEX.GD.ZS",NA
"Bhutan","Immunization, DPT (% of children ages 12-23 months)","BTN","SH.IMM.IDPT",92,"BTN","SH.IMM.IDPT",88,"BTN","SH.IMM.IDPT",86,"BTN","SH.IMM.IDPT",95,"BTN","SH.IMM.IDPT",89,"BTN","SH.IMM.IDPT",95,"BTN","SH.IMM.IDPT",95,"BTN","SH.IMM.IDPT",95,"BTN","SH.IMM.IDPT",96,"BTN","SH.IMM.IDPT",93,"BTN","SH.IMM.IDPT",91,"BTN","SH.IMM.IDPT",95,"BTN","SH.IMM.IDPT",97,"BTN","SH.IMM.IDPT",97,"BTN","SH.IMM.IDPT",99,"BTN","SH.IMM.IDPT",99,"BTN","SH.IMM.IDPT",98,"BTN","SH.IMM.IDPT",98,"BTN","SH.IMM.IDPT",97,"BTN","SH.IMM.IDPT",97,"BTN","SH.IMM.IDPT",95,"BTN","SH.IMM.IDPT",98,"BTN","SH.IMM.IDPT",98,"BTN","SH.IMM.IDPT",99
"Bhutan","Birth rate, crude (per 1,000 people)","BTN","SP.DYN.CBRT.IN",25.18,"BTN","SP.DYN.CBRT.IN",23.865,"BTN","SP.DYN.CBRT.IN",22.657,"BTN","SP.DYN.CBRT.IN",21.706,"BTN","SP.DYN.CBRT.IN",21.261,"BTN","SP.DYN.CBRT.IN",21.114,"BTN","SP.DYN.CBRT.IN",20.971,"BTN","SP.DYN.CBRT.IN",20.795,"BTN","SP.DYN.CBRT.IN",20.293,"BTN","SP.DYN.CBRT.IN",19.641,"BTN","SP.DYN.CBRT.IN",18.901,"BTN","SP.DYN.CBRT.IN",18.224,"BTN","SP.DYN.CBRT.IN",17.589,"BTN","SP.DYN.CBRT.IN",17.065,"BTN","SP.DYN.CBRT.IN",16.422,"BTN","SP.DYN.CBRT.IN",15.656,"BTN","SP.DYN.CBRT.IN",14.81,"BTN","SP.DYN.CBRT.IN",13.759,"BTN","SP.DYN.CBRT.IN",12.941,"BTN","SP.DYN.CBRT.IN",12.421,"BTN","SP.DYN.CBRT.IN",12.952,"BTN","SP.DYN.CBRT.IN",12.892,"BTN","SP.DYN.CBRT.IN",12.807,"BTN","SP.DYN.CBRT.IN",12.663
"Bhutan","Population growth (annual %)","BTN","SP.POP.GROW",2.422280776,"BTN","SP.POP.GROW",2.307214379,"BTN","SP.POP.GROW",2.204585226,"BTN","SP.POP.GROW",2.100432825,"BTN","SP.POP.GROW",1.999900532,"BTN","SP.POP.GROW",1.725267171,"BTN","SP.POP.GROW",1.340793154,"BTN","SP.POP.GROW",1.162272984,"BTN","SP.POP.GROW",1.129688965,"BTN","SP.POP.GROW",1.106551061,"BTN","SP.POP.GROW",1.095438076,"BTN","SP.POP.GROW",1.097807,"BTN","SP.POP.GROW",1.10777662,"BTN","SP.POP.GROW",1.108324945,"BTN","SP.POP.GROW",1.078717986,"BTN","SP.POP.GROW",1.014965724,"BTN","SP.POP.GROW",0.973884474,"BTN","SP.POP.GROW",0.861274888,"BTN","SP.POP.GROW",0.716471131,"BTN","SP.POP.GROW",0.664446427,"BTN","SP.POP.GROW",0.675256503,"BTN","SP.POP.GROW",0.703488234,"BTN","SP.POP.GROW",0.703183918,"BTN","SP.POP.GROW",0.698146585
"Bhutan","Death rate, crude (per 1,000 people)","BTN","SP.DYN.CDRT.IN",8.188,"BTN","SP.DYN.CDRT.IN",7.65,"BTN","SP.DYN.CDRT.IN",7.5,"BTN","SP.DYN.CDRT.IN",7.386,"BTN","SP.DYN.CDRT.IN",7.341,"BTN","SP.DYN.CDRT.IN",7.362,"BTN","SP.DYN.CDRT.IN",7.26,"BTN","SP.DYN.CDRT.IN",7.059,"BTN","SP.DYN.CDRT.IN",6.89,"BTN","SP.DYN.CDRT.IN",6.797,"BTN","SP.DYN.CDRT.IN",6.647,"BTN","SP.DYN.CDRT.IN",6.549,"BTN","SP.DYN.CDRT.IN",6.482,"BTN","SP.DYN.CDRT.IN",6.463,"BTN","SP.DYN.CDRT.IN",6.478,"BTN","SP.DYN.CDRT.IN",6.526,"BTN","SP.DYN.CDRT.IN",6.568,"BTN","SP.DYN.CDRT.IN",6.643,"BTN","SP.DYN.CDRT.IN",6.48,"BTN","SP.DYN.CDRT.IN",6.35,"BTN","SP.DYN.CDRT.IN",6.275,"BTN","SP.DYN.CDRT.IN",6.234,"BTN","SP.DYN.CDRT.IN",6.143,"BTN","SP.DYN.CDRT.IN",6.11
"Bhutan","Out-of-pocket expenditure (% of current health expenditure)","BTN","SH.XPD.OOPC.CH.ZS",11.54134464,"BTN","SH.XPD.OOPC.CH.ZS",8.03274536,"BTN","SH.XPD.OOPC.CH.ZS",11.15311337,"BTN","SH.XPD.OOPC.CH.ZS",19.00845528,"BTN","SH.XPD.OOPC.CH.ZS",16.25363541,"BTN","SH.XPD.OOPC.CH.ZS",16.79038239,"BTN","SH.XPD.OOPC.CH.ZS",14.79103374,"BTN","SH.XPD.OOPC.CH.ZS",14.33664703,"BTN","SH.XPD.OOPC.CH.ZS",15.47424698,"BTN","SH.XPD.OOPC.CH.ZS",16.58108711,"BTN","SH.XPD.OOPC.CH.ZS",16.48263359,"BTN","SH.XPD.OOPC.CH.ZS",16.34392738,"BTN","SH.XPD.OOPC.CH.ZS",20.50640488,"BTN","SH.XPD.OOPC.CH.ZS",20.31390381,"BTN","SH.XPD.OOPC.CH.ZS",21.17123032,"BTN","SH.XPD.OOPC.CH.ZS",19.79465675,"BTN","SH.XPD.OOPC.CH.ZS",20.12969589,"BTN","SH.XPD.OOPC.CH.ZS",13.3064661,"BTN","SH.XPD.OOPC.CH.ZS",13.16380501,"BTN","SH.XPD.OOPC.CH.ZS",17.79043007,"BTN","SH.XPD.OOPC.CH.ZS",15.42465878,"BTN","SH.XPD.OOPC.CH.ZS",21.42639542,"BTN","SH.XPD.OOPC.CH.ZS",34.56685638,"BTN","SH.XPD.OOPC.CH.ZS",NA
"Bhutan","Mortality rate, infant (per 1,000 live births)","BTN","SP.DYN.IMRT.IN",60.1,"BTN","SP.DYN.IMRT.IN",56.7,"BTN","SP.DYN.IMRT.IN",53.5,"BTN","SP.DYN.IMRT.IN",50.3,"BTN","SP.DYN.IMRT.IN",47.2,"BTN","SP.DYN.IMRT.IN",44.1,"BTN","SP.DYN.IMRT.IN",41.2,"BTN","SP.DYN.IMRT.IN",38.4,"BTN","SP.DYN.IMRT.IN",35.9,"BTN","SP.DYN.IMRT.IN",33.6,"BTN","SP.DYN.IMRT.IN",31.4,"BTN","SP.DYN.IMRT.IN",29.5,"BTN","SP.DYN.IMRT.IN",27.9,"BTN","SP.DYN.IMRT.IN",26.5,"BTN","SP.DYN.IMRT.IN",25.4,"BTN","SP.DYN.IMRT.IN",24.4,"BTN","SP.DYN.IMRT.IN",23.4,"BTN","SP.DYN.IMRT.IN",22.6,"BTN","SP.DYN.IMRT.IN",21.8,"BTN","SP.DYN.IMRT.IN",21.1,"BTN","SP.DYN.IMRT.IN",20.3,"BTN","SP.DYN.IMRT.IN",19.8,"BTN","SP.DYN.IMRT.IN",19.1,"BTN","SP.DYN.IMRT.IN",18.5
"Bhutan","Mortality rate, under-5 (per 1,000 live births)","BTN","SH.DYN.MORT",78.5,"BTN","SH.DYN.MORT",74,"BTN","SH.DYN.MORT",69.6,"BTN","SH.DYN.MORT",65.4,"BTN","SH.DYN.MORT",61.2,"BTN","SH.DYN.MORT",57.1,"BTN","SH.DYN.MORT",53.2,"BTN","SH.DYN.MORT",49.6,"BTN","SH.DYN.MORT",46.2,"BTN","SH.DYN.MORT",43.1,"BTN","SH.DYN.MORT",40.3,"BTN","SH.DYN.MORT",37.7,"BTN","SH.DYN.MORT",35.6,"BTN","SH.DYN.MORT",33.8,"BTN","SH.DYN.MORT",32.2,"BTN","SH.DYN.MORT",30.8,"BTN","SH.DYN.MORT",29.6,"BTN","SH.DYN.MORT",28.5,"BTN","SH.DYN.MORT",27.4,"BTN","SH.DYN.MORT",26.5,"BTN","SH.DYN.MORT",25.5,"BTN","SH.DYN.MORT",24.7,"BTN","SH.DYN.MORT",23.9,"BTN","SH.DYN.MORT",23.1
